n,regime,scenario,delta,n_with_diagnostics,rbc_min_support_rate,rbc_support_adequate_rate,h_left_mean,h_left_median,h_left_min,h_left_max,h_right_mean,h_right_median,h_right_min,h_right_max,b_left_mean,b_left_median,b_left_min,b_left_max,b_right_mean,b_right_median,b_right_min,b_right_max,unique_h_left_mean,unique_h_left_median,unique_h_left_min,unique_h_left_max,unique_h_right_mean,unique_h_right_median,unique_h_right_min,unique_h_right_max,unique_b_left_mean,unique_b_left_median,unique_b_left_min,unique_b_left_max,unique_b_right_mean,unique_b_right_median,unique_b_right_min,unique_b_right_max,obs_h_left_mean,obs_h_left_median,obs_h_left_min,obs_h_left_max,obs_h_right_mean,obs_h_right_median,obs_h_right_min,obs_h_right_max,obs_b_left_mean,obs_b_left_median,obs_b_left_min,obs_b_left_max,obs_b_right_mean,obs_b_right_median,obs_b_right_min,obs_b_right_max,min_unique_h_mean,min_unique_h_median,min_unique_h_min,min_unique_h_max,min_unique_b_mean,min_unique_b_median,min_unique_b_min,min_unique_b_max,h_over_delta_left_mean,h_over_delta_left_median,h_over_delta_left_min,h_over_delta_left_max,h_over_delta_right_mean,h_over_delta_right_median,h_over_delta_right_min,h_over_delta_right_max,b_over_delta_left_mean,b_over_delta_left_median,b_over_delta_left_min,b_over_delta_left_max,b_over_delta_right_mean,b_over_delta_right_median,b_over_delta_right_min,b_over_delta_right_max,nearest_support_distance_mean,nearest_support_distance_median,nearest_support_distance_min,nearest_support_distance_max,M_left_rdrobust_mean,M_left_rdrobust_median,M_left_rdrobust_min,M_left_rdrobust_max,M_right_rdrobust_mean,M_right_rdrobust_median,M_right_rdrobust_min,M_right_rdrobust_max
500,continuous,C0_continuous,,5000,1.0,1.0,0.09988388405629504,0.0994666012866262,0.0624048704925452,0.1548933103110101,0.09988388405629504,0.0994666012866262,0.0624048704925452,0.1548933103110101,0.22177299115517093,0.2212234332537586,0.1375819113969382,0.3185846089769555,0.22177299115517093,0.2212234332537586,0.1375819113969382,0.3185846089769555,34.3498,34.0,12.0,70.0,27.9388,28.0,10.0,50.0,84.249,84.0,42.0,153.0,53.7952,54.0,25.0,84.0,34.3498,34.0,12.0,70.0,27.9388,28.0,10.0,50.0,84.249,84.0,42.0,153.0,53.7952,54.0,25.0,84.0,26.9852,27.0,10.0,47.0,53.7648,54.0,25.0,82.0,,,,,,,,,,,,,,,,,0.0,0.0,0.0,0.0,406.3308,406.0,375.0,446.0,93.6692,94.0,54.0,125.0
750,continuous,C0_continuous,,5000,1.0,1.0,0.09021943289357887,0.08984007939691019,0.0614894123340538,0.1397277482063343,0.09021943289357887,0.08984007939691019,0.0614894123340538,0.1397277482063343,0.2061603547194097,0.2057277145603933,0.1461631259160707,0.2811284390158342,0.2061603547194097,0.2057277145603933,0.1461631259160707,0.2811284390158342,46.0128,46.0,18.0,82.0,38.2152,38.0,18.0,67.0,116.1324,116.0,67.0,192.0,76.5192,77.0,45.0,111.0,46.0128,46.0,18.0,82.0,38.2152,38.0,18.0,67.0,116.1324,116.0,67.0,192.0,76.5192,77.0,45.0,111.0,37.1618,37.0,18.0,64.0,76.5026,77.0,45.0,111.0,,,,,,,,,,,,,,,,,0.0,0.0,0.0,0.0,609.634,610.0,572.0,651.0,140.366,140.0,99.0,178.0
1000,continuous,C0_continuous,,5000,1.0,1.0,0.08438303744298338,0.0841328294430322,0.0571914953550385,0.1262568527658374,0.08438303744298338,0.0841328294430322,0.0571914953550385,0.1262568527658374,0.1966891899565957,0.1963750872584533,0.1467847391193454,0.2619444508946405,0.1966891899565957,0.1963750872584533,0.1467847391193454,0.2619444508946405,57.1004,57.0,24.0,97.0,47.9422,48.0,22.0,84.0,146.6756,146.0,88.0,236.0,98.5662,98.0,64.0,139.0,57.1004,57.0,24.0,97.0,47.9422,48.0,22.0,84.0,146.6756,146.0,88.0,236.0,98.5662,98.0,64.0,139.0,46.8462,47.0,22.0,76.0,98.5532,98.0,64.0,139.0,,,,,,,,,,,,,,,,,0.0,0.0,0.0,0.0,812.9626,813.0,766.0,860.0,187.0374,187.0,140.0,234.0
1500,continuous,C0_continuous,,5000,1.0,1.0,0.07692217569421957,0.07670724589175551,0.056070423011046,0.1054697279123847,0.07692217569421957,0.07670724589175551,0.056070423011046,0.1054697279123847,0.18439542630446865,0.18381788071319535,0.1370045029632176,0.2326048975949556,0.18439542630446865,0.18381788071319535,0.1370045029632176,0.2326048975949556,77.5596,77.0,41.0,123.0,66.2056,66.0,34.0,109.0,204.1298,203.0,113.0,280.0,140.8594,141.0,98.0,207.0,77.5596,77.0,41.0,123.0,66.2056,66.0,34.0,109.0,204.1298,203.0,113.0,280.0,140.8594,141.0,98.0,207.0,65.074,65.0,34.0,100.0,140.8564,141.0,98.0,207.0,,,,,,,,,,,,,,,,,0.0,0.0,0.0,0.0,1219.188,1219.0,1164.0,1278.0,280.812,281.0,222.0,336.0
2000,continuous,C0_continuous,,5000,1.0,1.0,0.07214281078367457,0.07187213974287035,0.0519626380075581,0.0955927096441078,0.07214281078367457,0.07187213974287035,0.0519626380075581,0.0955927096441078,0.17626512949763493,0.17576092408247102,0.1383028564171576,0.2167993211194284,0.17626512949763493,0.17576092408247102,0.1383028564171576,0.2167993211194284,96.6186,96.0,54.0,159.0,83.3404,83.0,41.0,129.0,258.5146,257.0,160.0,352.0,181.4696,181.0,131.0,244.0,96.6186,96.0,54.0,159.0,83.3404,83.0,41.0,129.0,258.5146,257.0,160.0,352.0,181.4696,181.0,131.0,244.0,82.165,82.0,41.0,122.0,181.4696,181.0,131.0,244.0,,,,,,,,,,,,,,,,,0.0,0.0,0.0,0.0,1625.5094,1626.0,1562.0,1682.0,374.4906,374.0,318.0,438.0
3000,continuous,C0_continuous,,5000,1.0,1.0,0.06588439759805775,0.065729387438907,0.0495083459550316,0.0866069459593158,0.06588439759805775,0.065729387438907,0.0495083459550316,0.0866069459593158,0.16531695773893237,0.16490565254128026,0.1324783259974459,0.2069842691085753,0.16531695773893237,0.16490565254128026,0.1324783259974459,0.2069842691085753,131.5684,131.0,85.0,188.0,114.9968,115.0,56.0,168.0,360.3392,359.0,259.0,481.0,258.625,258.0,194.0,333.0,131.5684,131.0,85.0,188.0,114.9968,115.0,56.0,168.0,360.3392,359.0,259.0,481.0,258.625,258.0,194.0,333.0,113.807,114.0,56.0,156.0,258.625,258.0,194.0,333.0,,,,,,,,,,,,,,,,,0.0,0.0,0.0,0.0,2438.0514,2438.0,2364.0,2511.0,561.9486,562.0,489.0,636.0
4000,continuous,C0_continuous,,5000,1.0,1.0,0.06185743998818635,0.061715859272816795,0.0460524660324986,0.0786853579802763,0.06185743998818635,0.061715859272816795,0.0460524660324986,0.0786853579802763,0.1580986020829018,0.15759278565851445,0.1308323935465391,0.1992314769383613,0.1580986020829018,0.15759278565851445,0.1308323935465391,0.1992314769383613,164.001,164.0,107.0,229.0,144.5414,144.0,81.0,196.0,456.786,455.0,348.0,598.0,332.5848,332.0,258.0,413.0,164.001,164.0,107.0,229.0,144.5414,144.0,81.0,196.0,456.786,455.0,348.0,598.0,332.5848,332.0,258.0,413.0,143.3184,143.0,81.0,191.0,332.5848,332.0,258.0,413.0,,,,,,,,,,,,,,,,,0.0,0.0,0.0,0.0,3250.931,3251.0,3164.0,3337.0,749.069,749.0,663.0,836.0
5000,continuous,C0_continuous,,5000,1.0,1.0,0.058856944884315886,0.058812091219240054,0.0446304251518186,0.074081957025358,0.058856944884315886,0.058812091219240054,0.0446304251518186,0.074081957025358,0.15261537254348637,0.15212566828973378,0.1297188542423325,0.1852256035788682,0.15261537254348637,0.15212566828973378,0.1297188542423325,0.1852256035788682,194.6706,194.0,128.0,270.0,172.6998,172.0,112.0,230.0,548.7006,547.0,403.0,739.0,404.0726,403.0,314.0,505.0,194.6706,194.0,128.0,270.0,172.6998,172.0,112.0,230.0,548.7006,547.0,403.0,739.0,404.0726,403.0,314.0,505.0,171.4614,171.0,112.0,228.0,404.0726,403.0,314.0,505.0,,,,,,,,,,,,,,,,,0.0,0.0,0.0,0.0,4063.6142,4064.0,3947.0,4160.0,936.3858,936.0,840.0,1053.0
500,fixed_delta_0.01,F_delta_0.01,0.01,5000,1.0,1.0,0.10331710291408461,0.10300793828503066,0.069213290284869,0.1490084275972623,0.10331710291408461,0.10300793828503066,0.069213290284869,0.1490084275972623,0.22636151951011566,0.22558323197044505,0.1534573042005907,0.3393206255667507,0.22636151951011566,0.22558323197044505,0.1534573042005907,0.3393206255667507,9.9962,10.0,5.0,15.0,9.6688,10.0,4.0,14.0,22.1078,22.0,15.0,33.0,20.44,20.0,12.0,28.0,35.6308,35.0,11.0,71.0,28.7668,29.0,10.0,54.0,86.3562,86.0,45.0,162.0,54.7676,55.0,26.0,86.0,9.4814,9.0,4.0,14.0,20.3476,20.0,12.0,28.0,10.331710291408466,10.30079382850307,6.9213290284869045,14.900842759726237,10.331710291408466,10.30079382850307,6.9213290284869045,14.900842759726237,22.636151951011566,22.55832319704451,15.345730420059072,33.93206255667507,22.636151951011566,22.55832319704451,15.345730420059072,33.93206255667507,0.005024,0.005,0.005,0.015,94.5246,95.0,88.0,100.0,45.098,45.0,32.0,57.0
750,fixed_delta_0.01,F_delta_0.01,0.01,5000,1.0,1.0,0.09309256433501979,0.0928945223095274,0.0644603723802316,0.1313939362014845,0.09309256433501979,0.0928945223095274,0.0644603723802316,0.1313939362014845,0.2102086331425147,0.21010060499404232,0.148498044760183,0.2756970706604169,0.2102086331425147,0.21010060499404232,0.148498044760183,0.2756970706604169,9.2552,9.0,6.0,13.0,9.1732,9.0,6.0,13.0,20.9392,21.0,15.0,28.0,20.4122,20.0,14.0,27.0,47.6314,47.0,18.0,78.0,39.2748,39.0,19.0,69.0,118.761,118.0,67.0,203.0,77.8086,78.0,45.0,115.0,9.126,9.0,6.0,13.0,20.3682,20.0,14.0,27.0,9.309256433501984,9.289452230952744,6.446037238023165,13.139393620148454,9.309256433501984,9.289452230952744,6.446037238023165,13.139393620148454,21.020863314251475,21.010060499404236,14.849804476018308,27.569707066041687,21.020863314251475,21.010060499404236,14.849804476018308,27.569707066041687,0.005002,0.005,0.005,0.015,96.9532,97.0,91.0,100.0,52.7804,53.0,40.0,64.0
1000,fixed_delta_0.01,F_delta_0.01,0.01,5000,1.0,1.0,0.0869170506763618,0.08660838860156655,0.0604244376872333,0.1216240103247184,0.0869170506763618,0.08660838860156655,0.0604244376872333,0.1216240103247184,0.2004153207131599,0.1999954960552344,0.1473769430509549,0.2594354848305512,0.2004153207131599,0.1999954960552344,0.1473769430509549,0.2594354848305512,8.6784,9.0,6.0,12.0,8.658,9.0,6.0,12.0,20.023,20.0,15.0,26.0,19.863,20.0,15.0,26.0,58.9512,58.0,24.0,95.0,49.1876,49.0,24.0,80.0,149.9074,149.0,93.0,241.0,100.1148,100.0,66.0,142.0,8.6486,9.0,6.0,12.0,19.8522,20.0,15.0,26.0,8.691705067636184,8.660838860156659,6.04244376872333,12.162401032471848,8.691705067636184,8.660838860156659,6.04244376872333,12.162401032471848,20.041532071315995,19.99954960552345,14.737694305095497,25.94354848305512,20.041532071315995,19.99954960552345,14.737694305095497,25.94354848305512,0.005,0.005,0.005,0.005,97.852,98.0,93.0,100.0,57.6362,58.0,46.0,69.0
1500,fixed_delta_0.01,F_delta_0.01,0.01,5000,1.0,1.0,0.0792917467023352,0.079122464786626,0.057507422639392,0.1111767400033513,0.0792917467023352,0.079122464786626,0.057507422639392,0.1111767400033513,0.18793353000339524,0.18745722378837254,0.142624167041572,0.237565690112712,0.18793353000339524,0.18745722378837254,0.142624167041572,0.237565690112712,7.925,8.0,6.0,11.0,7.9238,8.0,6.0,11.0,18.796,19.0,14.0,24.0,18.7804,19.0,14.0,24.0,80.0914,80.0,40.0,127.0,67.9912,68.0,34.0,111.0,208.7358,208.0,121.0,288.0,143.1276,143.0,97.0,212.0,7.9236,8.0,6.0,11.0,18.78,19.0,14.0,24.0,7.9291746702335235,7.912246478662606,5.750742263939204,11.11767400033514,7.9291746702335235,7.912246478662606,5.750742263939204,11.11767400033514,18.79335300033953,18.74572237883726,14.262416704157207,23.7565690112712,18.79335300033953,18.74572237883726,14.262416704157207,23.7565690112712,0.005,0.005,0.005,0.005,98.645,99.0,95.0,100.0,63.5644,64.0,54.0,73.0
2000,fixed_delta_0.01,F_delta_0.01,0.01,5000,1.0,1.0,0.07453168737131056,0.0743300096211311,0.0530762699637196,0.1021732505277377,0.07453168737131056,0.0743300096211311,0.0530762699637196,0.1021732505277377,0.1798553412177974,0.1793444012766499,0.1379203183414362,0.2258282646365744,0.1798553412177974,0.1793444012766499,0.1379203183414362,0.2258282646365744,7.4542,7.0,5.0,10.0,7.4542,7.0,5.0,10.0,17.9858,18.0,14.0,23.0,17.9844,18.0,14.0,23.0,100.0418,100.0,54.0,154.0,85.9118,86.0,35.0,133.0,264.6238,263.0,170.0,356.0,184.56,184.0,135.0,251.0,7.4542,7.0,5.0,10.0,17.9844,18.0,14.0,23.0,7.45316873713106,7.433000962113114,5.30762699637196,10.217325052773774,7.45316873713106,7.433000962113114,5.30762699637196,10.217325052773774,17.985534121779743,17.934440127664992,13.792031834143629,22.58282646365744,17.985534121779743,17.934440127664992,13.792031834143629,22.58282646365744,0.005,0.005,0.005,0.005,99.0158,99.0,95.0,100.0,67.1688,67.0,57.0,76.0
3000,fixed_delta_0.01,F_delta_0.01,0.01,5000,1.0,1.0,0.06828703624973156,0.0680872324346198,0.0508225334759441,0.0899369057121619,0.06828703624973156,0.0680872324346198,0.0508225334759441,0.0899369057121619,0.16893613765591267,0.1685138174504982,0.1344416625990708,0.2070021834215549,0.16893613765591267,0.1685138174504982,0.1344416625990708,0.2070021834215549,6.8338,7.0,5.0,9.0,6.8338,7.0,5.0,9.0,16.8914,17.0,13.0,21.0,16.8914,17.0,13.0,21.0,136.765,137.0,78.0,206.0,118.9568,119.0,52.0,179.0,369.3702,368.0,262.0,490.0,263.3756,263.0,200.0,351.0,6.8338,7.0,5.0,9.0,16.8914,17.0,13.0,21.0,6.828703624973161,6.808723243461989,5.082253347594413,8.993690571216192,6.828703624973161,6.808723243461989,5.082253347594413,8.993690571216192,16.893613765591265,16.851381745049824,13.44416625990708,20.70021834215549,16.893613765591265,16.851381745049824,13.44416625990708,20.70021834215549,0.005,0.005,0.005,0.005,99.388,99.0,97.0,100.0,71.617,72.0,63.0,81.0
4000,fixed_delta_0.01,F_delta_0.01,0.01,5000,1.0,1.0,0.06422069658565378,0.0641303348840873,0.0496739742877164,0.0811878482825335,0.06422069658565378,0.0641303348840873,0.0496739742877164,0.0811878482825335,0.16169972312754377,0.16111259348772722,0.1336149098474786,0.2008627172749594,0.16169972312754377,0.16111259348772722,0.1336149098474786,0.2008627172749594,6.4042,6.0,5.0,8.0,6.4042,6.0,5.0,8.0,16.1718,16.0,13.0,20.0,16.1718,16.0,13.0,20.0,170.1566,169.0,108.0,249.0,149.3144,148.0,83.0,210.0,468.6474,466.0,348.0,607.0,338.9228,338.0,257.0,417.0,6.4042,6.0,5.0,8.0,16.1718,16.0,13.0,20.0,6.422069658565382,6.413033488408735,4.967397428771645,8.118784828253352,6.422069658565382,6.413033488408735,4.967397428771645,8.118784828253352,16.169972312754382,16.111259348772727,13.361490984747864,20.086271727495948,16.169972312754382,16.111259348772727,13.361490984747864,20.086271727495948,0.005,0.005,0.005,0.005,99.5788,100.0,97.0,100.0,74.3692,74.0,66.0,83.0
5000,fixed_delta_0.01,F_delta_0.01,0.01,5000,1.0,1.0,0.06122274479245999,0.0610964013322709,0.0470069862899933,0.0746113810454129,0.06122274479245999,0.0610964013322709,0.0470069862899933,0.0746113810454129,0.1562733845902196,0.15572394366384865,0.1336350070175976,0.1868654297138129,0.1562733845902196,0.15572394366384865,0.1336350070175976,0.1868654297138129,6.124,6.0,5.0,7.0,6.124,6.0,5.0,7.0,15.6234,16.0,13.0,19.0,15.6234,16.0,13.0,19.0,202.987,201.0,126.0,277.0,179.2192,178.0,111.0,246.0,563.4368,561.5,394.0,739.0,412.1208,412.0,316.0,505.0,6.124,6.0,5.0,7.0,15.6234,16.0,13.0,19.0,6.122274479246004,6.109640133227096,4.700698628999335,7.461138104541296,6.122274479246004,6.109640133227096,4.700698628999335,7.461138104541296,15.627338459021965,15.572394366384868,13.363500701759762,18.686542971381293,15.627338459021965,15.572394366384868,13.363500701759762,18.686542971381293,0.005,0.005,0.005,0.005,99.689,100.0,98.0,100.0,76.3086,76.0,66.0,85.0
500,fixed_delta_0.015,F_delta_0.015,0.015,5000,1.0,1.0,0.1031917452243594,0.10288650004916394,0.0657583495373963,0.1475698766461588,0.1031917452243594,0.10288650004916394,0.0657583495373963,0.1475698766461588,0.2267350637281619,0.22633532358785552,0.1487183273798466,0.3389718689052701,0.2267350637281619,0.22633532358785552,0.1487183273798466,0.3389718689052701,6.836,7.0,4.0,10.0,6.7752,7.0,3.0,10.0,15.051,15.0,10.0,23.0,14.6374,15.0,9.0,22.0,35.6228,35.0,12.0,71.0,28.7128,29.0,11.0,51.0,86.493,86.0,46.0,165.0,54.7988,55.0,26.0,84.0,6.7344,7.0,3.0,10.0,14.598,15.0,9.0,22.0,6.879449681623961,6.859100003277603,4.383889969159759,9.83799177641059,6.879449681623961,6.859100003277603,4.383889969159759,9.83799177641059,15.1156709152108,15.089021572523702,9.914555158656444,22.598124593684677,15.1156709152108,15.089021572523702,9.914555158656444,22.598124593684677,0.0075,0.0075,0.0075,0.0075,64.658,65.0,60.0,67.0,35.2122,35.0,26.0,44.0
750,fixed_delta_0.015,F_delta_0.015,0.015,5000,1.0,1.0,0.09303544559924729,0.0927658725735512,0.063005146274895,0.1328517687782572,0.09303544559924729,0.0927658725735512,0.063005146274895,0.1328517687782572,0.2104519350060446,0.21027969536200009,0.149824236270564,0.2945355549858349,0.2104519350060446,0.21027969536200009,0.149824236270564,0.2945355549858349,6.2036,6.0,4.0,9.0,6.1964,6.0,4.0,9.0,14.0274,14.0,10.0,20.0,13.9562,14.0,10.0,20.0,47.594,47.0,17.0,84.0,39.3008,39.0,16.0,67.0,119.0118,119.0,67.0,206.0,77.8684,78.0,48.0,118.0,6.1944,6.0,4.0,9.0,13.9534,14.0,10.0,20.0,6.202363039949823,6.184391504903417,4.200343084993001,8.856784585217149,6.202363039949823,6.184391504903417,4.200343084993001,8.856784585217149,14.030129000402976,14.018646357466675,9.988282418037604,19.63570366572233,14.030129000402976,14.018646357466675,9.988282418037604,19.63570366572233,0.0075,0.0075,0.0075,0.0075,65.4196,65.0,62.0,67.0,39.629,40.0,30.0,47.0
1000,fixed_delta_0.015,F_delta_0.015,0.015,5000,1.0,1.0,0.08718213383875804,0.08699406976398485,0.0589058006260503,0.1224654023062202,0.08718213383875804,0.08699406976398485,0.0589058006260503,0.1224654023062202,0.20094967341154837,0.200657185413971,0.1502696421998477,0.2662897536115284,0.20094967341154837,0.200657185413971,0.1502696421998477,0.2662897536115284,5.8094,6.0,4.0,8.0,5.8088,6.0,4.0,8.0,13.398,13.0,10.0,18.0,13.3864,13.0,10.0,18.0,59.1338,59.0,23.0,95.0,49.3284,49.0,25.0,80.0,150.4104,150.0,90.0,238.0,100.322,100.0,64.0,144.0,5.8088,6.0,4.0,8.0,13.3862,13.0,10.0,18.0,5.812142255917207,5.799604650932324,3.9270533750700256,8.164360153748017,5.812142255917207,5.799604650932324,3.9270533750700256,8.164360153748017,13.396644894103225,13.377145694264737,10.017976146656515,17.752650240768563,13.396644894103225,13.377145694264737,10.017976146656515,17.752650240768563,0.0075,0.0075,0.0075,0.0075,65.769,66.0,63.0,67.0,42.3422,42.0,32.0,52.0
1500,fixed_delta_0.015,F_delta_0.015,0.015,5000,1.0,1.0,0.07979766351870103,0.07964473092786856,0.0581135939876631,0.108804955973529,0.07979766351870103,0.07964473092786856,0.0581135939876631,0.108804955973529,0.18884020078676697,0.1882062800756975,0.1431533120734657,0.2431514928729149,0.18884020078676697,0.1882062800756975,0.1431533120734657,0.2431514928729149,5.3168,5.0,4.0,7.0,5.3168,5.0,4.0,7.0,12.5834,13.0,10.0,16.0,12.583,13.0,10.0,16.0,80.639,80.0,40.0,130.0,68.3728,68.0,34.0,112.0,209.7096,209.0,121.0,292.0,143.578,143.0,97.0,212.0,5.3168,5.0,4.0,7.0,12.583,13.0,10.0,16.0,5.3198442345800725,5.309648728524573,3.8742395991775433,7.253663731568606,5.3198442345800725,5.309648728524573,3.8742395991775433,7.253663731568606,12.5893467191178,12.547085338379834,9.54355413823105,16.210099524860997,12.5893467191178,12.547085338379834,9.54355413823105,16.210099524860997,0.0075,0.0075,0.0075,0.0075,66.1222,66.0,64.0,67.0,45.6824,46.0,38.0,53.0
2000,fixed_delta_0.015,F_delta_0.015,0.015,5000,1.0,1.0,0.07506371297058018,0.0748836643876152,0.0540985173142425,0.0990168518305693,0.07506371297058018,0.0748836643876152,0.0540985173142425,0.0990168518305693,0.18081299818628158,0.18013585420358796,0.141375389760499,0.2226388851963637,0.18081299818628158,0.18013585420358796,0.141375389760499,0.2226388851963637,5.0116,5.0,4.0,7.0,5.0116,5.0,4.0,7.0,12.0538,12.0,9.0,15.0,12.0538,12.0,9.0,15.0,100.9334,101.0,54.0,174.0,86.5702,87.0,43.0,138.0,266.2098,265.0,170.0,373.0,185.3086,185.0,131.0,251.0,5.0116,5.0,4.0,7.0,12.0538,12.0,9.0,15.0,5.004247531372015,4.992244292507683,3.606567820949502,6.601123455371292,5.004247531372015,4.992244292507683,3.606567820949502,6.601123455371292,12.054199879085443,12.009056946905865,9.425025984033264,14.842592346424247,12.054199879085443,12.009056946905865,9.425025984033264,14.842592346424247,0.0075,0.0075,0.0075,0.0075,66.297,66.0,64.0,67.0,47.7534,48.0,39.0,54.0
3000,fixed_delta_0.015,F_delta_0.015,0.015,5000,1.0,1.0,0.06880649306643832,0.06862738183977615,0.0518543244847485,0.088762091040377,0.06880649306643832,0.06862738183977615,0.0518543244847485,0.088762091040377,0.1698926657604318,0.1694737207747388,0.1340456569373649,0.2105912188382205,0.1698926657604318,0.1694737207747388,0.1340456569373649,0.2105912188382205,4.606,5.0,3.0,6.0,4.606,5.0,3.0,6.0,11.3296,11.0,9.0,14.0,11.3296,11.0,9.0,14.0,138.3992,140.0,84.0,211.0,120.126,121.0,46.0,182.0,371.9024,370.0,259.0,518.0,264.6652,264.0,196.0,345.0,4.606,5.0,3.0,6.0,11.3296,11.0,9.0,14.0,4.587099537762558,4.575158789318413,3.456954965649905,5.91747273602514,4.587099537762558,4.575158789318413,3.456954965649905,5.91747273602514,11.326177717362123,11.298248051649256,8.936377129157663,14.039414589214706,11.326177717362123,11.298248051649256,8.936377129157663,14.039414589214706,0.0075,0.0075,0.0075,0.0075,66.5052,67.0,65.0,67.0,50.272,50.0,44.0,57.0
4000,fixed_delta_0.015,F_delta_0.015,0.015,5000,1.0,1.0,0.06471333441018538,0.0646253155300873,0.0498032392883474,0.0807295828287766,0.06471333441018538,0.0646253155300873,0.0498032392883474,0.0807295828287766,0.1626397554215606,0.16222845202364466,0.1364248175935255,0.2018775698395594,0.1626397554215606,0.16222845202364466,0.1364248175935255,0.2018775698395594,4.258,4.0,3.0,5.0,4.258,4.0,3.0,5.0,10.8474,11.0,9.0,13.0,10.8474,11.0,9.0,13.0,169.7526,165.0,110.0,246.0,148.9092,145.0,73.0,223.0,471.8956,472.0,331.0,620.0,340.5724,340.0,257.0,424.0,4.258,4.0,3.0,5.0,10.8474,11.0,9.0,13.0,4.314222294012361,4.308354368672491,3.3202159525564965,5.381972188585107,4.314222294012361,4.308354368672491,3.3202159525564965,5.381972188585107,10.842650361437377,10.815230134909648,9.094987839568368,13.458504655970632,10.842650361437377,10.815230134909648,9.094987839568368,13.458504655970632,0.0075,0.0075,0.0075,0.0075,66.6324,67.0,65.0,67.0,51.861,52.0,46.0,58.0
5000,fixed_delta_0.015,F_delta_0.015,0.015,5000,1.0,1.0,0.061694802725123406,0.061604873762259704,0.0468619192054794,0.075834593741058,0.061694802725123406,0.061604873762259704,0.0468619192054794,0.075834593741058,0.1572047955130935,0.15675084832091285,0.1333609013557041,0.1928820844166525,0.1572047955130935,0.15675084832091285,0.1333609013557041,0.1928820844166525,4.0724,4.0,3.0,5.0,4.0724,4.0,3.0,5.0,10.4812,10.0,9.0,13.0,10.4812,10.0,9.0,13.0,202.4398,200.0,119.0,289.0,178.8464,177.0,104.0,262.0,567.5154,563.0,416.0,780.0,414.225,414.0,324.0,515.0,4.0724,4.0,3.0,5.0,10.4812,10.0,9.0,13.0,4.1129868483415635,4.106991584150651,3.124127947031965,5.055639582737204,4.1129868483415635,4.106991584150651,3.124127947031965,5.055639582737204,10.480319700872904,10.450056554727528,8.890726757046941,12.85880562777684,10.480319700872904,10.450056554727528,8.890726757046941,12.85880562777684,0.0075,0.0075,0.0075,0.0075,66.7146,67.0,65.0,67.0,52.9884,53.0,47.0,59.0
500,fixed_delta_0.02,F_delta_0.02,0.02,5000,1.0,1.0,0.10388674282293296,0.1037083166962358,0.0624866486601895,0.146805078640877,0.10388674282293296,0.1037083166962358,0.0624866486601895,0.146805078640877,0.22713008784073263,0.22645804950629972,0.1468126479738706,0.3234192320697125,0.22713008784073263,0.22645804950629972,0.1468126479738706,0.3234192320697125,5.1804,5.0,3.0,7.0,5.1682,5.0,3.0,7.0,11.344,11.0,7.0,16.0,11.2344,11.0,7.0,15.0,35.787,36.0,13.0,70.0,28.825,29.0,11.0,51.0,86.6846,86.0,45.0,144.0,54.8816,55.0,25.0,85.0,5.1612,5.0,3.0,7.0,11.2274,11.0,7.0,15.0,5.194337141146651,5.185415834811792,3.1243324330094784,7.34025393204385,5.194337141146651,5.185415834811792,3.1243324330094784,7.34025393204385,11.356504392036632,11.322902475314987,7.340632398693531,16.17096160348563,11.356504392036632,11.322902475314987,7.340632398693531,16.17096160348563,0.01,0.01,0.01,0.01,48.9516,49.0,46.0,50.0,28.8458,29.0,22.0,36.0
750,fixed_delta_0.02,F_delta_0.02,0.02,5000,1.0,1.0,0.09328356183033874,0.0929619348970825,0.0622858374017102,0.1320391021524939,0.09328356183033874,0.0929619348970825,0.0622858374017102,0.1320391021524939,0.21078712169379551,0.2108077597234121,0.1498632807026872,0.2830758684779303,0.21078712169379551,0.2108077597234121,0.1498632807026872,0.2830758684779303,4.6616,5.0,3.0,7.0,4.6606,5.0,3.0,7.0,10.5424,11.0,7.0,14.0,10.5296,11.0,7.0,14.0,47.731,48.0,22.0,86.0,39.3008,39.0,16.0,66.0,119.2164,119.0,67.0,203.0,77.9722,78.0,45.0,118.0,4.6604,5.0,3.0,7.0,10.5294,11.0,7.0,14.0,4.6641780915169395,4.6480967448541275,3.114291870085511,6.601955107624695,4.6641780915169395,4.6480967448541275,3.114291870085511,6.601955107624695,10.539356084689777,10.540387986170607,7.493164035134361,14.153793423896518,10.539356084689777,10.540387986170607,7.493164035134361,14.153793423896518,0.01,0.01,0.01,0.01,49.3496,49.0,47.0,50.0,31.7504,32.0,25.0,39.0
1000,fixed_delta_0.02,F_delta_0.02,0.02,5000,1.0,1.0,0.08757063080062606,0.08738064823343106,0.0604213410007252,0.1225734665015787,0.08757063080062606,0.08738064823343106,0.0604213410007252,0.1225734665015787,0.20168503965185328,0.20140623971642185,0.1486287684610814,0.2637714668023746,0.20168503965185328,0.20140623971642185,0.1486287684610814,0.2637714668023746,4.365,4.0,3.0,6.0,4.365,4.0,3.0,6.0,10.0754,10.0,7.0,13.0,10.0752,10.0,7.0,13.0,59.2606,58.0,23.0,105.0,49.3906,49.0,22.0,83.0,150.8582,150.0,85.0,241.0,100.5064,100.0,64.0,148.0,4.365,4.0,3.0,6.0,10.0752,10.0,7.0,13.0,4.378531540031305,4.3690324116715535,3.021067050036263,6.128673325078936,4.378531540031305,4.3690324116715535,3.021067050036263,6.128673325078936,10.084251982592665,10.070311985821093,7.431438423054072,13.188573340118731,10.084251982592665,10.070311985821093,7.431438423054072,13.188573340118731,0.01,0.01,0.01,0.01,49.5468,50.0,47.0,50.0,33.5414,34.0,26.0,40.0
1500,fixed_delta_0.02,F_delta_0.02,0.02,5000,1.0,1.0,0.08020836163997404,0.08005204047377915,0.0575248039633476,0.1105530651189286,0.08020836163997404,0.08005204047377915,0.0575248039633476,0.1105530651189286,0.18966549070880898,0.18910968906380282,0.1423935957573349,0.243584543771691,0.18966549070880898,0.18910968906380282,0.1423935957573349,0.243584543771691,4.013,4.0,3.0,6.0,4.013,4.0,3.0,6.0,9.4758,9.0,7.0,12.0,9.4758,9.0,7.0,12.0,81.2018,81.0,38.0,132.0,68.8112,69.0,34.0,119.0,210.7544,210.0,114.0,301.0,143.9848,143.0,101.0,212.0,4.013,4.0,3.0,6.0,9.4758,9.0,7.0,12.0,4.010418081998703,4.002602023688961,2.876240198167382,5.527653255946429,4.010418081998703,4.002602023688961,2.876240198167382,5.527653255946429,9.48327453544045,9.455484453190142,7.119679787866745,12.179227188584552,9.48327453544045,9.455484453190142,7.119679787866745,12.179227188584552,0.01,0.01,0.01,0.01,49.7566,50.0,48.0,50.0,35.7774,36.0,30.0,42.0
2000,fixed_delta_0.02,F_delta_0.02,0.02,5000,1.0,1.0,0.07544232242599201,0.07526478739605766,0.0554240174010898,0.1016666547393625,0.07544232242599201,0.07526478739605766,0.0554240174010898,0.1016666547393625,0.18160489238416846,0.18089512288315876,0.1408385451680159,0.2239120663422246,0.18160489238416846,0.18089512288315876,0.1408385451680159,0.2239120663422246,3.8318,4.0,3.0,5.0,3.8318,4.0,3.0,5.0,9.0848,9.0,7.0,11.0,9.0848,9.0,7.0,11.0,103.1444,105.0,54.0,166.0,88.127,90.0,43.0,135.0,267.7256,267.0,162.0,386.0,185.9486,186.0,129.0,262.0,3.8318,4.0,3.0,5.0,9.0848,9.0,7.0,11.0,3.772116121299603,3.7632393698028865,2.771200870054493,5.083332736968127,3.772116121299603,3.7632393698028865,2.771200870054493,5.083332736968127,9.080244619208425,9.044756144157938,7.041927258400794,11.195603317111232,9.080244619208425,9.044756144157938,7.041927258400794,11.195603317111232,0.01,0.01,0.01,0.01,49.8574,50.0,48.0,50.0,37.168,37.0,31.0,43.0
3000,fixed_delta_0.02,F_delta_0.02,0.02,5000,1.0,1.0,0.0691522838490866,0.06901837134858416,0.0525516922527788,0.0897497588893611,0.0691522838490866,0.06901837134858416,0.0525516922527788,0.0897497588893611,0.1706439036278071,0.1701402903513215,0.1343911124721096,0.2114701393792241,0.1706439036278071,0.1701402903513215,0.1343911124721096,0.2114701393792241,3.42,3.0,3.0,4.0,3.42,3.0,3.0,4.0,8.5288,9.0,7.0,11.0,8.5288,9.0,7.0,11.0,136.9546,131.0,84.0,198.0,118.9172,115.0,68.0,184.0,373.5118,372.0,251.0,504.0,265.3876,265.0,199.0,351.0,3.42,3.0,3.0,4.0,8.5288,9.0,7.0,11.0,3.457614192454332,3.45091856742921,2.6275846126389406,4.487487944468056,3.457614192454332,3.45091856742921,2.6275846126389406,4.487487944468056,8.532195181390358,8.507014517566079,6.719555623605483,10.573506968961206,8.532195181390358,8.507014517566079,6.719555623605483,10.573506968961206,0.01,0.01,0.01,0.01,49.9494,50.0,49.0,50.0,38.8742,39.0,34.0,44.0
4000,fixed_delta_0.02,F_delta_0.02,0.02,5000,1.0,0.9998,0.06506497689182561,0.06492857697512035,0.049921942536808,0.082671760108106,0.06506497689182561,0.06492857697512035,0.049921942536808,0.082671760108106,0.16335471620723524,0.16288902936087596,0.1352901349409087,0.2034978810596228,0.16335471620723524,0.16288902936087596,0.1352901349409087,0.2034978810596228,3.1376,3.0,2.0,4.0,3.1376,3.0,2.0,4.0,8.1708,8.0,7.0,10.0,8.1708,8.0,7.0,10.0,166.6376,161.0,113.0,255.0,146.453,143.0,87.0,235.0,474.2806,468.0,348.0,633.0,341.8038,341.0,252.0,438.0,3.1376,3.0,2.0,4.0,8.1708,8.0,7.0,10.0,3.253248844591283,3.24642884875602,2.496097126840401,4.133588005405301,3.253248844591283,3.24642884875602,2.496097126840401,4.133588005405301,8.167735810361764,8.1444514680438,6.764506747045434,10.17489405298114,8.167735810361764,8.1444514680438,6.764506747045434,10.17489405298114,0.01,0.01,0.01,0.01,49.9828,50.0,49.0,50.0,39.9394,40.0,35.0,45.0
5000,fixed_delta_0.02,F_delta_0.02,0.02,5000,1.0,0.999,0.0620450476353668,0.0619339091366577,0.047765017195936,0.0763542381694697,0.0620450476353668,0.0619339091366577,0.047765017195936,0.0763542381694697,0.1579244049323864,0.15739713276616915,0.1319203470031287,0.1910180576428067,0.1579244049323864,0.15739713276616915,0.1319203470031287,0.1910180576428067,3.0304,3.0,2.0,4.0,3.0304,3.0,2.0,4.0,7.9154,8.0,7.0,10.0,7.9154,8.0,7.0,10.0,200.7596,199.0,124.0,308.0,177.5738,176.0,100.0,266.0,571.9554,576.0,429.0,761.0,416.5218,417.0,321.0,513.0,3.0304,3.0,2.0,4.0,7.9154,8.0,7.0,10.0,3.1022523817683423,3.0966954568328884,2.3882508597968006,3.817711908473487,3.1022523817683423,3.0966954568328884,2.3882508597968006,3.817711908473487,7.896220246619324,7.869856638308459,6.596017350156435,9.550902882140337,7.896220246619324,7.869856638308459,6.596017350156435,9.550902882140337,0.01,0.01,0.01,0.01,49.9932,50.0,49.0,50.0,40.6972,41.0,36.0,45.0
500,fixed_delta_0.025,F_delta_0.025,0.025,5000,1.0,0.9998,0.1034085319038853,0.10330893901673724,0.0660308785812657,0.1487704876589619,0.1034085319038853,0.10330893901673724,0.0660308785812657,0.1487704876589619,0.22699300984886572,0.227023582128336,0.1441990274360397,0.3276390226608883,0.22699300984886572,0.227023582128336,0.1441990274360397,0.3276390226608883,4.1372,4.0,3.0,6.0,4.1346,4.0,2.0,6.0,9.0804,9.0,6.0,13.0,9.046,9.0,6.0,13.0,35.6838,35.0,12.0,77.0,28.7866,29.0,10.0,52.0,86.6514,86.0,46.0,153.0,54.8598,55.0,25.0,91.0,4.1344,4.0,2.0,6.0,9.0458,9.0,6.0,13.0,4.136341276155413,4.132357560669492,2.641235143250628,5.950819506358475,4.136341276155413,4.132357560669492,2.641235143250628,5.950819506358475,9.079720393954629,9.08094328513344,5.76796109744159,13.105560906435532,9.079720393954629,9.08094328513344,5.76796109744159,13.105560906435532,0.012499999999999999,0.0125,0.0125,0.0125,39.3728,39.0,37.0,40.0,24.3998,24.0,18.0,31.0
750,fixed_delta_0.025,F_delta_0.025,0.025,5000,1.0,1.0,0.09357889895959512,0.09323213231988225,0.06373783995461,0.1333769481194522,0.09357889895959512,0.09323213231988225,0.06373783995461,0.1333769481194522,0.21133554605797628,0.21113777013072943,0.1499882339781258,0.2839376939553737,0.21133554605797628,0.21113777013072943,0.1499882339781258,0.2839376939553737,3.7622,4.0,3.0,5.0,3.7622,4.0,3.0,5.0,8.4588,8.0,6.0,11.0,8.457,8.0,6.0,11.0,48.1706,49.0,19.0,84.0,39.6194,40.0,16.0,68.0,119.639,119.0,66.0,186.0,78.1566,78.0,42.0,115.0,3.7622,4.0,3.0,5.0,8.457,8.0,6.0,11.0,3.7431559583838068,3.7292852927952924,2.549513598184402,5.335077924778089,3.7431559583838068,3.7292852927952924,2.549513598184402,5.335077924778089,8.453421842319052,8.44551080522918,5.999529359125033,11.357507758214949,8.453421842319052,8.44551080522918,5.999529359125033,11.357507758214949,0.012499999999999999,0.0125,0.0125,0.0125,39.6228,40.0,38.0,40.0,26.5162,27.0,20.0,32.0
1000,fixed_delta_0.025,F_delta_0.025,0.025,5000,1.0,0.9994,0.0880216162929456,0.0878578761567394,0.0603940638639838,0.129464429728772,0.0880216162929456,0.0878578761567394,0.0603940638639838,0.129464429728772,0.20242810459143215,0.20221370557128435,0.1499127756054938,0.2577295996246489,0.20242810459143215,0.20221370557128435,0.1499127756054938,0.2577295996246489,3.5206,4.0,2.0,5.0,3.5206,4.0,2.0,5.0,8.0994,8.0,6.0,10.0,8.0992,8.0,6.0,10.0,59.7776,59.0,27.0,107.0,49.7488,49.0,23.0,84.0,151.7066,151.0,90.0,236.0,100.9244,101.0,64.0,150.0,3.5206,4.0,2.0,5.0,8.0992,8.0,6.0,10.0,3.5208646517178255,3.5143150462695774,2.415762554559352,5.17857718915088,3.5208646517178255,3.5143150462695774,2.415762554559352,5.17857718915088,8.097124183657288,8.088548222851372,5.996511024219752,10.309183984985957,8.097124183657288,8.088548222851372,5.996511024219752,10.309183984985957,0.012499999999999999,0.0125,0.0125,0.0125,39.7626,40.0,38.0,40.0,27.8364,28.0,20.0,33.0
1500,fixed_delta_0.025,F_delta_0.025,0.025,5000,1.0,0.996,0.08065167626409338,0.0805263657047422,0.0579510851826124,0.1131543831755112,0.08065167626409338,0.0805263657047422,0.0579510851826124,0.1131543831755112,0.19049856065000975,0.18991592859563455,0.1433126603800304,0.2398224403007628,0.19049856065000975,0.18991592859563455,0.1433126603800304,0.2398224403007628,3.1584,3.0,2.0,5.0,3.1584,3.0,2.0,5.0,7.6204,8.0,6.0,10.0,7.6204,8.0,6.0,10.0,79.7814,77.0,34.0,132.0,67.7552,66.0,31.0,119.0,212.0136,212.0,121.0,294.0,144.571,144.0,97.0,206.0,3.1584,3.0,2.0,5.0,7.6204,8.0,6.0,10.0,3.2260670505637368,3.2210546281896906,2.3180434073044967,4.526175327020448,3.2260670505637368,3.2210546281896906,2.3180434073044967,4.526175327020448,7.61994242600039,7.596637143825382,5.732506415201217,9.592897612030512,7.61994242600039,7.596637143825382,5.732506415201217,9.592897612030512,0.012499999999999999,0.0125,0.0125,0.0125,39.9,40.0,39.0,40.0,29.486,30.0,24.0,34.0
2000,fixed_delta_0.025,F_delta_0.025,0.025,5000,1.0,0.987,0.07590836139272772,0.07579781165866381,0.0559447501170025,0.1052078310949879,0.07590836139272772,0.07579781165866381,0.0559447501170025,0.1052078310949879,0.1824657528934958,0.18187196963100805,0.1423634585344849,0.2259626161488696,0.1824657528934958,0.18187196963100805,0.1423634585344849,0.2259626161488696,3.0152,3.0,2.0,4.0,3.0152,3.0,2.0,4.0,7.299,7.0,6.0,9.0,7.299,7.0,6.0,9.0,101.2384,101.0,51.0,166.0,86.8816,87.0,35.0,137.0,269.0336,265.0,170.0,377.0,186.5424,186.0,131.0,266.0,3.0152,3.0,2.0,4.0,7.299,7.0,6.0,9.0,3.0363344557091105,3.0319124663465518,2.2377900046801025,4.208313243799517,3.0363344557091105,3.0319124663465518,2.2377900046801025,4.208313243799517,7.298630115739832,7.2748787852403245,5.694538341379398,9.038504645954786,7.298630115739832,7.2748787852403245,5.694538341379398,9.038504645954786,0.012499999999999999,0.0125,0.0125,0.0125,39.9556,40.0,39.0,40.0,30.5138,31.0,26.0,35.0
3000,fixed_delta_0.025,F_delta_0.025,0.025,5000,1.0,0.9104,0.06957602422344733,0.0695506404620386,0.0530329202791491,0.0907110514615807,0.06957602422344733,0.0695506404620386,0.0530329202791491,0.0907110514615807,0.17146970053913133,0.17099313798948595,0.135967614134096,0.2157155128451636,0.17146970053913133,0.17099313798948595,0.135967614134096,0.2157155128451636,2.9106,3.0,2.0,4.0,2.9106,3.0,2.0,4.0,6.87,7.0,5.0,9.0,6.87,7.0,5.0,9.0,146.2546,150.0,67.0,211.0,126.0856,129.0,52.0,177.0,376.5476,380.0,251.0,525.0,266.8028,268.0,195.0,352.0,2.9106,3.0,2.0,4.0,6.87,7.0,5.0,9.0,2.7830409689378945,2.7820256184815464,2.1213168111659675,3.6284420584632313,2.7830409689378945,2.7820256184815464,2.1213168111659675,3.6284420584632313,6.858788021565255,6.839725519579439,5.438704565363843,8.628620513806545,6.858788021565255,6.839725519579439,5.438704565363843,8.628620513806545,0.012499999999999999,0.0125,0.0125,0.0125,39.9906,40.0,39.0,40.0,31.7834,32.0,27.0,36.0
4000,fixed_delta_0.025,F_delta_0.025,0.025,5000,1.0,0.7234,0.065423604926005,0.065330609177961,0.0510356774128502,0.0840213069015245,0.065423604926005,0.065330609177961,0.0510356774128502,0.0840213069015245,0.16418568196517042,0.16367044267656228,0.1369606236355292,0.2058947514542145,0.16418568196517042,0.16367044267656228,0.1369606236355292,0.2058947514542145,2.7234,3.0,2.0,3.0,2.7234,3.0,2.0,3.0,6.5594,7.0,5.0,8.0,6.5594,7.0,5.0,8.0,181.8134,194.0,97.0,252.0,157.8242,167.0,83.0,223.0,476.3116,485.0,366.0,640.0,342.5798,343.0,248.0,437.0,2.7234,3.0,2.0,3.0,6.5594,7.0,5.0,8.0,2.616944197040202,2.6132243671184403,2.04142709651401,3.3608522760609807,2.616944197040202,2.6132243671184403,2.04142709651401,3.3608522760609807,6.567427278606818,6.546817707062495,5.47842494542117,8.23579005816858,6.567427278606818,6.546817707062495,5.47842494542117,8.23579005816858,0.012499999999999999,0.0125,0.0125,0.0125,39.9992,40.0,39.0,40.0,32.5722,33.0,28.0,37.0
5000,fixed_delta_0.025,F_delta_0.025,0.025,5000,1.0,0.4702,0.06241734233766653,0.062177791551275854,0.047615291283656,0.0776420841597445,0.06241734233766653,0.062177791551275854,0.047615291283656,0.0776420841597445,0.1587521952524595,0.1583644880032341,0.1332732780695798,0.1975197326601728,0.1587521952524595,0.1583644880032341,0.1332732780695798,0.1975197326601728,2.4702,2.0,2.0,3.0,2.4702,2.0,2.0,3.0,6.3092,6.0,5.0,8.0,6.3092,6.0,5.0,8.0,205.1944,184.0,119.0,308.0,180.0892,167.0,111.0,266.0,569.7492,550.5,380.0,798.0,415.1452,410.0,327.0,527.0,2.4702,2.0,2.0,3.0,6.3092,6.0,5.0,8.0,2.4966936935066624,2.487111662051036,1.904611651346241,3.105683366389783,2.4966936935066624,2.487111662051036,1.904611651346241,3.105683366389783,6.350087810098382,6.334579520129364,5.330931122783194,7.900789306406915,6.350087810098382,6.334579520129364,5.330931122783194,7.900789306406915,0.012499999999999999,0.0125,0.0125,0.0125,39.9996,40.0,39.0,40.0,33.1374,33.0,29.0,38.0
500,fixed_delta_0.03,F_delta_0.03,0.03,5000,1.0,0.9934,0.1027565821915423,0.10245815266623576,0.060351092858005,0.1496047336305775,0.1027565821915423,0.10245815266623576,0.060351092858005,0.1496047336305775,0.22626043637608864,0.22614044062488764,0.1402830325264528,0.3398214788157102,0.22626043637608864,0.22614044062488764,0.1402830325264528,0.3398214788157102,3.4158,3.0,2.0,5.0,3.4152,3.0,2.0,5.0,7.5442,8.0,5.0,11.0,7.5346,8.0,5.0,11.0,35.3278,35.0,6.0,77.0,28.459,28.0,9.0,51.0,86.3528,86.0,44.0,156.0,54.7296,55.0,26.0,89.0,3.4152,3.0,2.0,5.0,7.5346,8.0,5.0,11.0,3.4252194063847448,3.4152717555411938,2.011703095266835,4.986824454352586,3.4252194063847448,3.4152717555411938,2.011703095266835,4.986824454352586,7.542014545869623,7.538014687496256,4.676101084215095,11.32738262719034,7.542014545869623,7.538014687496256,4.676101084215095,11.32738262719034,0.015,0.015,0.015,0.015,32.9188,33.0,31.0,34.0,21.1768,21.0,16.0,27.0
750,fixed_delta_0.03,F_delta_0.03,0.03,5000,1.0,0.9776,0.0939054148625292,0.09367711713736634,0.0637312288542649,0.1348978468145858,0.0939054148625292,0.09367711713736634,0.0637312288542649,0.1348978468145858,0.21220137968246694,0.2121359327854064,0.1488408638998989,0.2708600131969674,0.21220137968246694,0.2121359327854064,0.1488408638998989,0.2708600131969674,3.1072,3.0,2.0,4.0,3.1072,3.0,2.0,4.0,7.0724,7.0,5.0,9.0,7.0722,7.0,5.0,9.0,47.6704,47.0,13.0,85.0,39.3332,39.0,14.0,72.0,120.1302,120.0,67.0,182.0,78.3226,78.0,40.0,118.0,3.1072,3.0,2.0,4.0,7.0722,7.0,5.0,9.0,3.130180495417641,3.1225705712455465,2.124374295142164,4.496594893819528,3.130180495417641,3.1225705712455465,2.124374295142164,4.496594893819528,7.073379322748901,7.071197759513549,4.961362129996631,9.028667106565582,7.073379322748901,7.071197759513549,4.961362129996631,9.028667106565582,0.015,0.015,0.015,0.015,33.0904,33.0,32.0,34.0,22.8268,23.0,17.0,28.0
1000,fixed_delta_0.03,F_delta_0.03,0.03,5000,1.0,0.9484,0.08840559424929634,0.08822411611987685,0.0598328080945939,0.1197733144893686,0.08840559424929634,0.08822411611987685,0.0598328080945939,0.1197733144893686,0.2034196057680046,0.2031315980255641,0.1509312277406382,0.2605752096086893,0.2034196057680046,0.2031315980255641,0.1509312277406382,0.2605752096086893,2.9774,3.0,2.0,4.0,2.9774,3.0,2.0,4.0,6.7726,7.0,5.0,9.0,6.7724,7.0,5.0,9.0,60.7496,61.0,23.0,105.0,50.5174,51.0,19.0,84.0,152.3568,153.0,90.0,234.0,101.1126,101.0,64.0,146.0,2.9774,3.0,2.0,4.0,6.7724,7.0,5.0,9.0,2.9468531416432127,2.940803870662564,1.9944269364864649,3.992443816312288,2.9468531416432127,2.940803870662564,1.9944269364864649,3.992443816312288,6.7806535256001546,6.7710532675188055,5.03104092468794,8.685840320289644,6.7806535256001546,6.7710532675188055,5.03104092468794,8.685840320289644,0.015,0.015,0.015,0.015,33.185,33.0,32.0,34.0,23.84,24.0,18.0,28.0
1500,fixed_delta_0.03,F_delta_0.03,0.03,5000,1.0,0.8152,0.08110725146754515,0.08086219977156085,0.0588029584816682,0.1086664663457962,0.08110725146754515,0.08086219977156085,0.0588029584816682,0.1086664663457962,0.1915637823155615,0.19111370577791237,0.1497306834333919,0.2470235293057062,0.1915637823155615,0.19111370577791237,0.1497306834333919,0.2470235293057062,2.8164,3.0,2.0,4.0,2.8164,3.0,2.0,4.0,6.3808,6.0,5.0,8.0,6.3808,6.0,5.0,8.0,85.8918,89.0,38.0,139.0,72.088,74.0,30.0,124.0,213.2488,210.0,121.0,301.0,145.0638,144.0,97.0,212.0,2.8164,3.0,2.0,4.0,6.3808,6.0,5.0,8.0,2.7035750489181725,2.69540665905203,1.9600986160556093,3.6222155448598743,2.7035750489181725,2.69540665905203,1.9600986160556093,3.6222155448598743,6.385459410518719,6.370456859263747,4.991022781113065,8.234117643523541,6.385459410518719,6.370456859263747,4.991022781113065,8.234117643523541,0.015,0.015,0.015,0.015,33.3024,33.0,32.0,34.0,25.1168,25.0,21.0,30.0
2000,fixed_delta_0.03,F_delta_0.03,0.03,5000,1.0,0.5838,0.07638927322140664,0.07622822092822484,0.0573978187345124,0.0984326081777497,0.07638927322140664,0.07622822092822484,0.0573978187345124,0.0984326081777497,0.18354989708321004,0.1830038849109567,0.1456741065683066,0.2285180825787071,0.18354989708321004,0.1830038849109567,0.1456741065683066,0.2285180825787071,2.5838,3.0,2.0,3.0,2.5838,3.0,2.0,3.0,6.1226,6.0,5.0,8.0,6.1226,6.0,5.0,8.0,104.522,111.0,51.0,156.0,88.816,92.0,43.0,139.0,271.1728,267.0,170.0,384.0,187.5396,187.0,131.0,253.0,2.5838,3.0,2.0,3.0,6.1226,6.0,5.0,8.0,2.5463091073802233,2.540940697607496,1.913260624483749,3.281086939258326,2.5463091073802233,2.540940697607496,1.913260624483749,3.281086939258326,6.118329902773669,6.100129497031892,4.855803552276887,7.617269419290239,6.118329902773669,6.100129497031892,4.855803552276887,7.617269419290239,0.015,0.015,0.015,0.015,33.3824,33.0,32.0,34.0,25.9202,26.0,22.0,30.0
3000,fixed_delta_0.03,F_delta_0.03,0.03,5000,1.0,0.1664,0.06998788323947218,0.07002265194202345,0.0529898565696999,0.0919598642702219,0.06998788323947218,0.07002265194202345,0.0529898565696999,0.0919598642702219,0.17257022134216318,0.17213416533307246,0.1380627831195426,0.2174639078367439,0.17257022134216318,0.17213416533307246,0.1380627831195426,0.2174639078367439,2.1664,2.0,2.0,3.0,2.1664,2.0,2.0,3.0,5.783,6.0,5.0,7.0,5.783,6.0,5.0,7.0,129.8566,122.0,84.0,224.0,113.3604,108.0,68.0,191.0,381.0628,390.0,263.0,518.0,268.9118,271.0,193.0,365.0,2.1664,2.0,2.0,3.0,5.783,6.0,5.0,7.0,2.3329294413157413,2.3340883980674505,1.7663285523233316,3.0653288090073967,2.3329294413157413,2.3340883980674505,1.7663285523233316,3.0653288090073967,5.7523407114054415,5.737805511102417,4.602092770651423,7.2487969278914655,5.7523407114054415,5.737805511102417,4.602092770651423,7.2487969278914655,0.015,0.015,0.015,0.015,33.529,34.0,33.0,34.0,26.8974,27.0,23.0,31.0
4000,fixed_delta_0.03,F_delta_0.03,0.03,5000,1.0,0.0264,0.06576322072350992,0.06574740329381029,0.0489569055912334,0.0833101386156886,0.06576322072350992,0.06574740329381029,0.0489569055912334,0.0833101386156886,0.16519326282555344,0.16458781949114745,0.1358419708289494,0.2060758332213544,0.16519326282555344,0.16458781949114745,0.1358419708289494,0.2060758332213544,2.0264,2.0,2.0,3.0,2.0264,2.0,2.0,3.0,5.4882,5.0,5.0,7.0,5.4882,5.0,5.0,7.0,161.0946,159.0,118.0,279.0,142.2406,141.0,99.0,229.0,478.6472,467.0,364.0,672.0,343.515,342.0,263.0,434.0,2.0264,2.0,2.0,3.0,5.4882,5.0,5.0,7.0,2.1921073574503325,2.1915801097936782,1.6318968530411155,2.777004620522956,2.1921073574503325,2.1915801097936782,1.6318968530411155,2.777004620522956,5.506442094185116,5.486260649704915,4.528065694298316,6.869194440711813,5.506442094185116,5.486260649704915,4.528065694298316,6.869194440711813,0.015,0.015,0.015,0.015,33.637,34.0,33.0,34.0,27.517,28.0,24.0,31.0
5000,fixed_delta_0.03,F_delta_0.03,0.03,5000,1.0,0.0024,0.06273303101473586,0.0624389370472069,0.0474132927860964,0.078094206821597,0.06273303101473586,0.0624389370472069,0.0474132927860964,0.078094206821597,0.159680419021053,0.1592148879833366,0.1341273779550073,0.1993424272192661,0.159680419021053,0.1592148879833366,0.1341273779550073,0.1993424272192661,2.0024,2.0,2.0,3.0,2.0024,2.0,2.0,3.0,5.2488,5.0,4.0,7.0,5.2488,5.0,4.0,7.0,198.832,199.0,149.0,338.0,176.165,176.0,134.0,272.0,568.6968,547.0,416.0,801.0,414.47,407.0,314.0,539.0,2.0024,2.0,2.0,3.0,5.2488,5.0,4.0,7.0,2.0911010338245304,2.0812979015735644,1.580443092869881,2.6031402273865685,2.0911010338245304,2.0812979015735644,1.580443092869881,2.6031402273865685,5.322680634035103,5.307162932777888,4.470912598500243,6.64474757397554,5.322680634035103,5.307162932777888,4.470912598500243,6.64474757397554,0.015,0.015,0.015,0.015,33.716,34.0,33.0,34.0,27.966,28.0,25.0,32.0
500,fixed_delta_0.035,F_delta_0.035,0.035,5000,1.0,0.8994,0.10292193123670547,0.10271318060041645,0.0656366067682468,0.1470270424284048,0.10292193123670547,0.10271318060041645,0.0656366067682468,0.1470270424284048,0.22644159485735763,0.2259395160748659,0.1492684075498979,0.3359314750265041,0.22644159485735763,0.2259395160748659,0.1492684075498979,0.3359314750265041,2.9544,3.0,2.0,4.0,2.9544,3.0,2.0,4.0,6.4618,6.0,4.0,10.0,6.4574,6.0,4.0,10.0,35.6714,36.0,11.0,67.0,28.7948,29.0,9.0,54.0,86.2614,86.0,42.0,141.0,54.7164,54.0,26.0,82.0,2.9544,3.0,2.0,4.0,6.4574,6.0,4.0,10.0,2.9406266067630145,2.934662302869043,1.8753316219499097,4.200772640811566,2.9406266067630145,2.934662302869043,1.8753316219499097,4.200772640811566,6.469759853067362,6.455414744996168,4.264811644282798,9.598042143614403,6.469759853067362,6.455414744996168,4.264811644282798,9.598042143614403,0.0175,0.0175,0.0175,0.0175,28.3358,28.0,27.0,29.0,18.727,19.0,13.0,25.0
750,fixed_delta_0.035,F_delta_0.035,0.035,5000,1.0,0.7476,0.09408478266122558,0.0938703297491337,0.0601432361274719,0.1310684316164758,0.09408478266122558,0.0938703297491337,0.0601432361274719,0.1310684316164758,0.21235726669070923,0.21230802729643278,0.1443570171997681,0.271611353910341,0.21235726669070923,0.21230802729643278,0.1443570171997681,0.271611353910341,2.7516,3.0,2.0,4.0,2.7516,3.0,2.0,4.0,6.0686,6.0,4.0,8.0,6.0684,6.0,4.0,8.0,49.4828,51.0,17.0,85.0,40.4798,41.0,16.0,76.0,120.338,120.0,66.0,190.0,78.361,78.0,43.0,118.0,2.7516,3.0,2.0,4.0,6.0684,6.0,4.0,8.0,2.688136647463589,2.6820094214038215,1.7183781750706282,3.744812331899308,2.688136647463589,2.6820094214038215,1.7183781750706282,3.744812331899308,6.067350476877406,6.065943637040938,4.12448620570766,7.760324397438314,6.067350476877406,6.065943637040938,4.12448620570766,7.760324397438314,0.0175,0.0175,0.0175,0.0175,28.5018,29.0,27.0,29.0,20.0538,20.0,15.0,25.0
1000,fixed_delta_0.035,F_delta_0.035,0.035,5000,1.0,0.5426,0.0885386116127356,0.08830484895915525,0.0600996311284118,0.1222390187500377,0.0885386116127356,0.08830484895915525,0.0600996311284118,0.1222390187500377,0.20340204347084354,0.20319926252340645,0.1455828871018448,0.2589601050316428,0.20340204347084354,0.20319926252340645,0.1455828871018448,0.2589601050316428,2.5426,3.0,2.0,3.0,2.5426,3.0,2.0,3.0,5.8074,6.0,4.0,7.0,5.8074,6.0,4.0,7.0,60.6116,62.0,24.0,108.0,50.134,50.0,22.0,89.0,152.4346,154.0,86.0,235.0,101.1198,101.0,62.0,142.0,2.5426,3.0,2.0,3.0,5.8074,6.0,4.0,7.0,2.5296746175067324,2.5229956845472925,1.717132317954624,3.492543392858222,2.5296746175067324,2.5229956845472925,1.717132317954624,3.492543392858222,5.811486956309816,5.805693214954471,4.159511060052708,7.398860143761222,5.811486956309816,5.805693214954471,4.159511060052708,7.398860143761222,0.0175,0.0175,0.0175,0.0175,28.6154,29.0,27.0,29.0,20.8694,21.0,15.0,25.0
1500,fixed_delta_0.035,F_delta_0.035,0.035,5000,1.0,0.1802,0.08111511748059876,0.0808634605076554,0.0555068891074902,0.1115577708115987,0.08111511748059876,0.0808634605076554,0.0555068891074902,0.1115577708115987,0.1912589672478227,0.19071011914081976,0.1472689716076213,0.247161256841271,0.1912589672478227,0.19071011914081976,0.1472689716076213,0.247161256841271,2.1802,2.0,2.0,3.0,2.1802,2.0,2.0,3.0,5.4512,5.0,4.0,7.0,5.4512,5.0,4.0,7.0,77.065,73.0,43.0,137.0,65.5372,62.0,35.0,123.0,212.5112,209.0,114.0,310.0,144.6228,144.0,97.0,213.0,2.1802,2.0,2.0,3.0,5.4512,5.0,4.0,7.0,2.3175747851599655,2.3103845859330123,1.5859111173568652,3.1873648803313936,2.3175747851599655,2.3103845859330123,1.5859111173568652,3.1873648803313936,5.464541921366364,5.448860546880565,4.207684903074896,7.061750195464886,5.464541921366364,5.448860546880565,4.207684903074896,7.061750195464886,0.0175,0.0175,0.0175,0.0175,28.7704,29.0,28.0,29.0,21.9098,22.0,18.0,26.0
2000,fixed_delta_0.035,F_delta_0.035,0.035,5000,1.0,0.0426,0.07636671738103123,0.0760675057722138,0.0550904926861852,0.1002994006192974,0.07636671738103123,0.0760675057722138,0.0550904926861852,0.1002994006192974,0.18306252225322472,0.1824454250119013,0.1429839799694308,0.2351316857787792,0.18306252225322472,0.1824454250119013,0.1429839799694308,0.2351316857787792,2.0426,2.0,2.0,3.0,2.0426,2.0,2.0,3.0,5.2052,5.0,4.0,7.0,5.2052,5.0,4.0,7.0,95.7212,94.0,59.0,179.0,82.6744,81.0,48.0,143.0,268.5828,261.0,161.0,395.0,186.3316,184.0,131.0,258.0,2.0426,2.0,2.0,3.0,5.2052,5.0,4.0,7.0,2.181906210886608,2.1733573077775388,1.5740140767481487,2.8656971605513557,2.181906210886608,2.1733573077775388,1.5740140767481487,2.8656971605513557,5.230357778663564,5.212726428911465,4.085256570555167,6.718048165107978,5.230357778663564,5.212726428911465,4.085256570555167,6.718048165107978,0.0175,0.0175,0.0175,0.0175,28.86,29.0,28.0,29.0,22.5456,23.0,19.0,26.0
3000,fixed_delta_0.035,F_delta_0.035,0.035,4999,1.0,0.000600120024004801,0.0700538680902477,0.0700442533036902,0.0526673053906061,0.090042095091105,0.0700538680902477,0.0700442533036902,0.0526673053906061,0.090042095091105,0.1719203376734807,0.1714448400388799,0.1359762936835516,0.2192548962453745,0.1719203376734807,0.1714448400388799,0.1359762936835516,0.2192548962453745,2.000600120024005,2.0,2.0,3.0,2.000600120024005,2.0,2.0,3.0,4.957191438287658,5.0,4.0,6.0,4.957191438287658,5.0,4.0,6.0,140.3258651730346,140.0,100.0,247.0,121.80536107221444,122.0,81.0,180.0,380.80576115223045,383.0,251.0,523.0,269.02860572114423,270.0,186.0,365.0,2.000600120024005,2.0,2.0,3.0,4.957191438287658,5.0,4.0,6.0,2.0015390882927924,2.0012643801054355,1.5047801540173171,2.572631288317288,2.0015390882927924,2.0012643801054355,1.5047801540173171,2.572631288317288,4.9120096478137345,4.898424001110855,3.88503696238719,6.2644256070107005,4.9120096478137345,4.898424001110855,3.88503696238719,6.2644256070107005,0.0175,0.0175,0.0175,0.0175,28.949389877975594,29.0,28.0,29.0,23.339867973594718,23.0,20.0,27.0
4000,fixed_delta_0.035,F_delta_0.035,0.035,4996,0.9993995196156925,0.0,0.06578343396008542,0.06591054081810455,0.0495532033336192,0.0818680947209299,0.06578343396008542,0.06591054081810455,0.0495532033336192,0.0818680947209299,0.16450772386841406,0.16399756120849815,0.1329128369592,0.20224030041598,0.16450772386841406,0.16399756120849815,0.1329128369592,0.20224030041598,1.9993995196156926,2.0,1.0,2.0,1.9993995196156926,2.0,1.0,2.0,4.763210568454764,5.0,4.0,6.0,4.763210568454764,5.0,4.0,6.0,186.95596477181746,187.0,90.0,235.0,162.33426741393114,163.0,70.0,208.0,485.314451561249,503.0,338.0,684.0,346.89991993594873,354.0,245.0,463.0,1.9993995196156926,2.0,1.0,2.0,4.763210568454764,5.0,4.0,6.0,1.8795266845738698,1.8831583090887025,1.4158058095319783,2.339088420598,1.8795266845738698,1.8831583090887025,1.4158058095319783,2.339088420598,4.700220681954687,4.685644605957091,3.797509627405716,5.77829429759943,4.700220681954687,4.685644605957091,3.797509627405716,5.77829429759943,0.0175,0.0175,0.0175,0.0175,28.982786228983187,29.0,28.0,29.0,23.839871897518016,24.0,20.0,27.0
5000,fixed_delta_0.035,F_delta_0.035,0.035,4978,0.9967858577742065,0.0,0.06264736661031944,0.06255532355540025,0.0497840354076992,0.0778511096356366,0.06264736661031944,0.06255532355540025,0.0497840354076992,0.0778511096356366,0.15905283333010303,0.15850316459868485,0.1316120623602327,0.1951949416822378,0.15905283333010303,0.15850316459868485,0.1316120623602327,0.1951949416822378,1.9967858577742066,2.0,1.0,2.0,1.9967858577742066,2.0,1.0,2.0,4.543591803937324,5.0,4.0,6.0,4.543591803937324,5.0,4.0,6.0,233.5030132583367,234.0,91.0,287.0,202.88629971876256,203.0,82.0,250.0,575.5086380072319,608.0,429.0,789.0,417.3258336681398,423.0,320.0,542.0,1.9967858577742066,2.0,1.0,2.0,4.543591803937324,5.0,4.0,6.0,1.7899247602948423,1.787294958725722,1.4224010116485508,2.224317418161045,1.7899247602948423,1.787294958725722,1.4224010116485508,2.224317418161045,4.544366666574373,4.5286618456767105,3.760344638863792,5.576998333778223,4.544366666574373,4.5286618456767105,3.760344638863792,5.576998333778223,0.0175,0.0175,0.0175,0.0175,28.993169947770188,29.0,28.0,29.0,24.205905986339896,24.0,21.0,27.0
500,fixed_delta_0.04,F_delta_0.04,0.04,5000,1.0,0.5864,0.10303757819977864,0.10279908422982285,0.0669118838922208,0.1553062168686956,0.10303757819977864,0.10279908422982285,0.0669118838922208,0.1553062168686956,0.22636350782461906,0.22616385280655227,0.1568774110873254,0.335912938724052,0.22636350782461906,0.22616385280655227,0.1568774110873254,0.335912938724052,2.5892,3.0,2.0,4.0,2.5892,3.0,2.0,4.0,5.6602,6.0,4.0,8.0,5.6586,6.0,4.0,8.0,35.814,36.0,12.0,70.0,28.7218,29.0,9.0,51.0,86.3506,86.0,43.0,136.0,54.7648,55.0,25.0,89.0,2.5892,3.0,2.0,4.0,5.6586,6.0,4.0,8.0,2.575939454994467,2.569977105745571,1.6727970973055215,3.88265542171739,2.575939454994467,2.569977105745571,1.6727970973055215,3.88265542171739,5.659087695615477,5.6540963201638075,3.921935277183135,8.397823468101299,5.659087695615477,5.6540963201638075,3.921935277183135,8.397823468101299,0.02,0.02,0.02,0.02,24.8474,25.0,23.0,25.0,16.7892,17.0,12.0,21.0
750,fixed_delta_0.04,F_delta_0.04,0.04,5000,1.0,0.2764,0.09443771459330413,0.0941363971265297,0.0621677051315042,0.1335244643893305,0.09443771459330413,0.0941363971265297,0.0621677051315042,0.1335244643893305,0.2129320805627596,0.212505369434559,0.1490997275289799,0.2786150774665878,0.2129320805627596,0.212505369434559,0.1490997275289799,0.2786150774665878,2.2764,2.0,2.0,3.0,2.2764,2.0,2.0,3.0,5.3338,5.0,4.0,7.0,5.3338,5.0,4.0,7.0,46.5928,43.0,21.0,87.0,38.352,37.0,16.0,74.0,120.9052,118.0,61.0,185.0,78.6112,78.0,45.0,118.0,2.2764,2.0,2.0,3.0,5.3338,5.0,4.0,7.0,2.3609428648326043,2.3534099281632437,1.554192628287605,3.3381116097332635,2.3609428648326043,2.3534099281632437,1.554192628287605,3.3381116097332635,5.323302014068991,5.3126342358639755,3.727493188224499,6.965376936664697,5.323302014068991,5.3126342358639755,3.727493188224499,6.965376936664697,0.02,0.02,0.02,0.02,24.9414,25.0,24.0,25.0,17.892,18.0,13.0,22.0
1000,fixed_delta_0.04,F_delta_0.04,0.04,5000,0.9998,0.1046,0.08895451407049483,0.08869331547075734,0.0586912549262311,0.1211284615070739,0.08895451407049483,0.08869331547075734,0.0586912549262311,0.1211284615070739,0.2041881464396788,0.20395731129431435,0.1498584936460625,0.2587410205048443,0.2041881464396788,0.20395731129431435,0.1498584936460625,0.2587410205048443,2.1044,2.0,1.0,3.0,2.1044,2.0,1.0,3.0,5.1082,5.0,4.0,6.0,5.1082,5.0,4.0,6.0,57.0074,55.0,23.0,112.0,47.7772,46.0,24.0,89.0,153.3206,151.0,83.0,230.0,101.5648,101.0,64.0,146.0,2.1044,2.0,1.0,3.0,5.1082,5.0,4.0,6.0,2.2238628517623713,2.217332886768935,1.4672813731557777,3.028211537676848,2.2238628517623713,2.217332886768935,1.4672813731557777,3.028211537676848,5.104703660991971,5.09893278235786,3.7464623411515614,6.468525512621108,5.104703660991971,5.09893278235786,3.7464623411515614,6.468525512621108,0.02,0.02,0.02,0.02,24.9746,25.0,24.0,25.0,18.5712,19.0,14.0,23.0
1500,fixed_delta_0.04,F_delta_0.04,0.04,5000,0.9998,0.0084,0.08154552720781306,0.08152029547547905,0.0590442815826973,0.1084884854812609,0.08154552720781306,0.08152029547547905,0.0590442815826973,0.1084884854812609,0.19231076790092563,0.1917620056212782,0.1548357854835753,0.2478770571510397,0.19231076790092563,0.1917620056212782,0.1548357854835753,0.2478770571510397,2.0082,2.0,1.0,3.0,2.0082,2.0,1.0,3.0,4.8328,5.0,4.0,6.0,4.8328,5.0,4.0,6.0,81.2878,81.0,34.0,147.0,68.998,69.0,32.0,124.0,215.6948,220.0,132.0,311.0,146.1846,147.0,96.0,212.0,2.0082,2.0,1.0,3.0,4.8328,5.0,4.0,6.0,2.0386381801953277,2.038007386886977,1.4761070395674332,2.712212137031523,2.0386381801953277,2.038007386886977,1.4761070395674332,2.712212137031523,4.807769197523141,4.794050140531956,3.870894637089383,6.196926428775993,4.807769197523141,4.794050140531956,3.870894637089383,6.196926428775993,0.02,0.02,0.02,0.02,24.997,25.0,24.0,25.0,19.4364,19.0,16.0,23.0
2000,fixed_delta_0.04,F_delta_0.04,0.04,4998,0.9995998399359743,0.00020008003201280514,0.07661074509101423,0.07659060052200105,0.0580455241928595,0.1039091230397449,0.07661074509101423,0.07659060052200105,0.0580455241928595,0.1039091230397449,0.1842876255221556,0.1836810744907692,0.1496979171359393,0.2313884265606691,0.1842876255221556,0.1836810744907692,0.1496979171359393,0.2313884265606691,1.9997999199679872,2.0,1.0,3.0,1.9997999199679872,2.0,1.0,3.0,4.619647859143657,5.0,4.0,6.0,4.619647859143657,5.0,4.0,6.0,107.88715486194478,108.0,50.0,173.0,91.82232893157263,92.0,49.0,129.0,273.23049219687874,285.0,183.0,395.0,188.24329731892757,190.0,128.0,257.0,1.9997999199679872,2.0,1.0,3.0,4.619647859143657,5.0,4.0,6.0,1.915268627275357,1.9147650130500276,1.4511381048214884,2.5977280759936248,1.915268627275357,1.9147650130500276,1.4511381048214884,2.5977280759936248,4.607190638053891,4.592026862269231,3.742447928398484,5.784710664016729,4.607190638053891,4.592026862269231,3.742447928398484,5.784710664016729,0.02,0.02,0.02,0.02,24.999599839935975,25.0,24.0,25.0,19.98499399759904,20.0,17.0,24.0
3000,fixed_delta_0.04,F_delta_0.04,0.04,4949,0.9949484744392807,0.0,0.07031012744588504,0.0698279942492116,0.0555419178292904,0.0987049980810007,0.07031012744588504,0.0698279942492116,0.0555419178292904,0.0987049980810007,0.1734500739705935,0.1728734610970807,0.1460778322721931,0.2228539787219316,0.1734500739705935,0.1728734610970807,0.1460778322721931,0.2228539787219316,1.9949484744392807,2.0,1.0,2.0,1.9949484744392807,2.0,1.0,2.0,4.244291776116387,4.0,4.0,6.0,4.244291776116387,4.0,4.0,6.0,161.29925237421702,162.0,61.0,205.0,137.35865831481107,138.0,48.0,184.0,371.86906445746615,354.0,282.0,538.0,264.11618508789655,258.0,202.0,360.0,1.9949484744392807,2.0,1.0,2.0,4.244291776116387,4.0,4.0,6.0,1.757753186147127,1.7456998562302906,1.388547945732262,2.4676249520250177,1.757753186147127,1.7456998562302906,1.388547945732262,2.4676249520250177,4.336251849264838,4.321836527427018,3.651945806804829,5.5713494680482905,4.336251849264838,4.321836527427018,3.651945806804829,5.5713494680482905,0.019999999999999997,0.02,0.02,0.02,25.0,25.0,25.0,25.0,20.648009698929076,21.0,17.0,24.0
4000,fixed_delta_0.04,F_delta_0.04,0.04,4805,0.9681581685744016,0.0,0.06660380088942146,0.0661182058555064,0.0505865018881087,0.0873010398641418,0.06660380088942146,0.0661182058555064,0.0505865018881087,0.0873010398641418,0.16662005506252667,0.1658651194613581,0.141279459984656,0.2055101182688548,0.16662005506252667,0.1658651194613581,0.141279459984656,0.2055101182688548,1.9681581685744016,2.0,1.0,2.0,1.9681581685744016,2.0,1.0,2.0,4.077211238293445,4.0,4.0,5.0,4.077211238293445,4.0,4.0,5.0,212.0168574401665,215.0,80.0,266.0,180.75858480749218,183.0,72.0,235.0,473.10072840790843,465.0,388.0,668.0,341.2476586888658,338.0,277.0,453.0,1.9681581685744016,2.0,1.0,2.0,4.077211238293445,4.0,4.0,5.0,1.6650950222355376,1.652955146387661,1.2646625472027198,2.182525996603546,1.6650950222355376,1.652955146387661,1.2646625472027198,2.182525996603546,4.165501376563168,4.146627986533955,3.5319864996164005,5.13775295672137,4.165501376563168,4.146627986533955,3.5319864996164005,5.13775295672137,0.02,0.02,0.02,0.02,25.0,25.0,25.0,25.0,21.0684703433923,21.0,18.0,24.0
5000,fixed_delta_0.04,F_delta_0.04,0.04,4414,0.9093792478477571,0.0,0.06414762164742603,0.06371639524407215,0.0514566649479729,0.0825983852244678,0.06414762164742603,0.06371639524407215,0.0514566649479729,0.0825983852244678,0.16208445362351961,0.1613540789498969,0.1405527778782181,0.1982045631940525,0.16208445362351961,0.1613540789498969,0.1405527778782181,0.1982045631940525,1.9093792478477571,2.0,1.0,2.0,1.9093792478477571,2.0,1.0,2.0,4.015178975985501,4.0,4.0,5.0,4.015178975985501,4.0,4.0,5.0,256.9884458541006,268.0,98.0,326.0,219.6264159492524,228.0,90.0,280.0,581.4463072043498,580.0,499.0,800.0,421.5407793384685,421.0,352.0,545.0,1.9093792478477571,2.0,1.0,2.0,4.015178975985501,4.0,4.0,5.0,1.603690541185652,1.5929098811018045,1.286416623699323,2.064959630611696,1.603690541185652,1.5929098811018045,1.286416623699323,2.064959630611696,4.052111340587992,4.033851973747423,3.513819446955454,4.955114079851314,4.052111340587992,4.033851973747423,3.513819446955454,4.955114079851314,0.02,0.02,0.02,0.02,25.0,25.0,25.0,25.0,21.3726778432261,21.0,19.0,24.0
500,fixed_delta_0.045,F_delta_0.045,0.045,5000,1.0,0.219,0.10349575282578967,0.1034075530136031,0.069769523194361,0.1501651399269709,0.10349575282578967,0.1034075530136031,0.069769523194361,0.1501651399269709,0.22836138364997277,0.22741254993301235,0.1682857256347287,0.3453715346575703,0.22836138364997277,0.22741254993301235,0.1682857256347287,0.3453715346575703,2.2192,2.0,2.0,3.0,2.2192,2.0,2.0,3.0,5.0756,5.0,4.0,8.0,5.0754,5.0,4.0,8.0,34.377,32.0,14.0,71.0,27.7888,27.0,10.0,54.0,87.2502,86.0,43.0,147.0,55.0644,55.0,27.0,86.0,2.2192,2.0,2.0,3.0,5.0754,5.0,4.0,8.0,2.299905618350883,2.297945622524513,1.550433848763578,3.3370031094882435,2.299905618350883,2.297945622524513,1.550433848763578,3.3370031094882435,5.07469741444384,5.053612220733609,3.739682791882861,7.674922992390453,5.07469741444384,5.053612220733609,3.739682791882861,7.674922992390453,0.022499999999999996,0.0225,0.0225,0.0225,22.0802,22.0,21.0,23.0,15.2278,15.0,11.0,20.0
750,fixed_delta_0.045,F_delta_0.045,0.045,5000,0.9996,0.0424,0.09475136056015462,0.09469437844433296,0.066196837893721,0.1432176512208001,0.09475136056015462,0.09469437844433296,0.066196837893721,0.1432176512208001,0.21460131406107294,0.213665889951392,0.1661309706957656,0.2887127897714778,0.21460131406107294,0.213665889951392,0.1661309706957656,0.2887127897714778,2.0422,2.0,1.0,3.0,2.0422,2.0,1.0,3.0,4.766,5.0,4.0,6.0,4.766,5.0,4.0,6.0,46.9334,46.0,16.0,93.0,38.867,38.0,11.0,77.0,121.7244,124.0,67.0,198.0,78.8856,79.0,45.0,122.0,2.0422,2.0,1.0,3.0,4.766,5.0,4.0,6.0,2.105585790225659,2.104319520985178,1.4710408420826897,3.182614471573337,2.105585790225659,2.104319520985178,1.4710408420826897,3.182614471573337,4.768918090246066,4.748130887808712,3.691799348794793,6.415839772699508,4.768918090246066,4.748130887808712,3.691799348794793,6.415839772699508,0.022499999999999996,0.0225,0.0225,0.0225,22.1576,22.0,21.0,23.0,16.172,16.0,12.0,20.0
1000,fixed_delta_0.045,F_delta_0.045,0.045,4995,0.9995995995995997,0.004804804804804805,0.089126475375114,0.0888621495740567,0.0663067432630359,0.1210955784404827,0.089126475375114,0.0888621495740567,0.0663067432630359,0.1210955784404827,0.2057613711106509,0.204938884824658,0.1646419799406732,0.2701986141410192,0.2057613711106509,0.204938884824658,0.1646419799406732,0.2701986141410192,2.0044044044044043,2.0,1.0,3.0,2.0044044044044043,2.0,1.0,3.0,4.560760760760761,5.0,4.0,6.0,4.560760760760761,5.0,4.0,6.0,61.36996996996997,61.0,23.0,121.0,51.04024024024024,51.0,18.0,91.0,154.25445445445445,156.0,100.0,252.0,101.74394394394395,102.0,64.0,150.0,2.0044044044044043,2.0,1.0,3.0,4.560760760760761,5.0,4.0,6.0,1.980588341669201,1.9747144349790389,1.473483183623021,2.6910128542329503,1.980588341669201,1.9747144349790389,1.473483183623021,2.6910128542329503,4.572474913570021,4.554197440547956,3.6587106653482935,6.004413647578205,4.572474913570021,4.554197440547956,3.6587106653482935,6.004413647578205,0.022499999999999992,0.0225,0.0225,0.0225,22.212612612612613,22.0,21.0,23.0,16.73893893893894,17.0,12.0,20.0
1500,fixed_delta_0.045,F_delta_0.045,0.045,4976,0.9969855305466238,0.0,0.08179736731931153,0.08116370626154254,0.0632750082306321,0.1083169127522481,0.08179736731931153,0.08116370626154254,0.0632750082306321,0.1083169127522481,0.1942330879579149,0.1931071214621245,0.1644959708810683,0.2495956081158052,0.1942330879579149,0.1931071214621245,0.1644959708810683,0.2495956081158052,1.9969855305466238,2.0,1.0,2.0,1.9969855305466238,2.0,1.0,2.0,4.238946945337621,4.0,4.0,6.0,4.238946945337621,4.0,4.0,6.0,91.70498392282958,92.0,22.0,127.0,76.41680064308682,76.0,28.0,113.0,212.47467845659165,203.0,155.0,322.0,144.6145498392283,142.0,101.0,206.0,1.9969855305466238,2.0,1.0,2.0,4.238946945337621,4.0,4.0,6.0,1.8177192737624794,1.803637916923169,1.4061112940140472,2.4070425056055145,1.8177192737624794,1.803637916923169,1.4061112940140472,2.4070425056055145,4.316290843509221,4.2912693658249905,3.655466019579296,5.546569069240116,4.316290843509221,4.2912693658249905,3.655466019579296,5.546569069240116,0.022499999999999992,0.0225,0.0225,0.0225,22.307073954983924,22.0,22.0,23.0,17.468850482315112,17.0,14.0,21.0
2000,fixed_delta_0.045,F_delta_0.045,0.045,4896,0.9869281045751634,0.0,0.07741574870849824,0.07682823208167716,0.0596733411096051,0.1033116258400679,0.07741574870849824,0.07682823208167716,0.0596733411096051,0.1033116258400679,0.18683552319256172,0.18566785031081207,0.160353339222684,0.2331137279657302,0.18683552319256172,0.18566785031081207,0.160353339222684,0.2331137279657302,1.9869281045751634,2.0,1.0,2.0,1.9869281045751634,2.0,1.0,2.0,4.08047385620915,4.0,4.0,5.0,4.08047385620915,4.0,4.0,5.0,121.671772875817,122.0,45.0,160.0,101.59415849673202,102.0,37.0,139.0,271.05433006535947,266.0,212.0,399.0,187.6174428104575,186.0,139.0,266.0,1.9869281045751634,2.0,1.0,2.0,4.08047385620915,4.0,4.0,5.0,1.7203499712999621,1.7072940462594928,1.3260742468801152,2.295813907557066,1.7203499712999621,1.7072940462594928,1.3260742468801152,2.295813907557066,4.151900515390261,4.125952229129158,3.563407538281868,5.1803050659051175,4.151900515390261,4.125952229129158,3.563407538281868,5.1803050659051175,0.022499999999999992,0.0225,0.0225,0.0225,22.382761437908496,22.0,22.0,23.0,17.935661764705884,18.0,15.0,21.0
3000,fixed_delta_0.045,F_delta_0.045,0.045,4344,0.8984806629834254,0.0,0.07210030705344772,0.07169386161412356,0.0526354139515153,0.0909556369597505,0.07210030705344772,0.07169386161412356,0.0526354139515153,0.0909556369597505,0.1775302096845509,0.17689132413074027,0.154431435975913,0.2199749449039624,0.1775302096845509,0.17689132413074027,0.154431435975913,0.2199749449039624,1.8984806629834254,2.0,1.0,2.0,1.8984806629834254,2.0,1.0,2.0,4.004604051565377,4.0,3.0,5.0,4.004604051565377,4.0,3.0,5.0,173.94659300184162,182.0,66.0,232.0,145.86786372007367,152.0,56.0,196.0,397.5570902394107,397.0,259.0,569.0,277.4661602209945,277.0,214.0,356.0,1.8984806629834254,2.0,1.0,2.0,4.004604051565377,4.0,3.0,5.0,1.6022290456321726,1.5931969247583027,1.16967586558923,2.021236376883345,1.6022290456321726,1.5931969247583027,1.16967586558923,2.021236376883345,3.9451157707677997,3.930918314016451,3.431809688353623,4.888332108976942,3.9451157707677997,3.930918314016451,3.431809688353623,4.888332108976942,0.022499999999999996,0.0225,0.0225,0.0225,22.531998158379373,23.0,22.0,23.0,18.505294659300183,19.0,15.0,21.0
4000,fixed_delta_0.045,F_delta_0.045,0.045,3217,0.7009636307118433,0.0,0.06878622288831181,0.0689976923232121,0.0520472804746654,0.0837559477338247,0.06878622288831181,0.0689976923232121,0.0520472804746654,0.0837559477338247,0.17148901092354532,0.171246270915489,0.1527786192294525,0.2072082543216884,0.17148901092354532,0.171246270915489,0.1527786192294525,0.2072082543216884,1.7009636307118434,2.0,1.0,2.0,1.7009636307118434,2.0,1.0,2.0,3.9853901150139883,4.0,3.0,5.0,3.9853901150139883,4.0,3.0,5.0,206.72894000621696,236.0,87.0,303.0,175.16008703761267,197.0,75.0,257.0,526.8815666770283,529.0,346.0,677.0,368.04973577867577,369.0,264.0,444.0,1.7009636307118434,2.0,1.0,2.0,3.9853901150139883,4.0,3.0,5.0,1.5285827308513746,1.533282051626936,1.156606232770342,1.861243282973884,1.5285827308513746,1.533282051626936,1.156606232770342,1.861243282973884,3.8108669094121193,3.805472687010868,3.3950804273211665,4.604627873815299,3.8108669094121193,3.805472687010868,3.3950804273211665,4.604627873815299,0.0225,0.0225,0.0225,0.0225,22.647497668635374,23.0,22.0,23.0,18.841467205470934,19.0,16.0,21.0
5000,fixed_delta_0.045,F_delta_0.045,0.045,2349,0.41209025117071096,0.0,0.06530171220893738,0.0658526086328949,0.0489415008639193,0.0796457659624098,0.06530171220893738,0.0658526086328949,0.0489415008639193,0.0796457659624098,0.1657803990368981,0.1653685908968383,0.1493316359559895,0.197301247540757,0.1657803990368981,0.1653685908968383,0.1493316359559895,0.197301247540757,1.412090251170711,1.0,1.0,2.0,1.412090251170711,1.0,1.0,2.0,3.8842060451255853,4.0,3.0,4.0,3.8842060451255853,4.0,3.0,4.0,212.5095785440613,160.0,114.0,374.0,183.92975734355045,145.0,99.0,313.0,639.340570455513,657.0,416.0,753.0,450.2954448701575,458.0,329.0,539.0,1.412090251170711,1.0,1.0,2.0,3.8842060451255853,4.0,3.0,4.0,1.4511491601986095,1.4633913029532215,1.0875889080870962,1.7699059102757733,1.4511491601986095,1.4633913029532215,1.0875889080870962,1.7699059102757733,3.6840088674866247,3.674857575485297,3.318480799021991,4.38447216757238,3.6840088674866247,3.674857575485297,3.318480799021991,4.38447216757238,0.022499999999999996,0.0225,0.0225,0.0225,22.697743720732227,23.0,22.0,23.0,19.14176245210728,19.0,17.0,21.0
500,fixed_delta_0.05,F_delta_0.05,0.05,4999,0.9997999599919984,0.0632126425285057,0.10632172921098122,0.1060201688022556,0.074549706589096,0.1609222371810237,0.10632172921098122,0.1060201688022556,0.074549706589096,0.1609222371810237,0.2373887693319272,0.2353891542388579,0.183379301326772,0.3569037769880137,0.2373887693319272,0.2353891542388579,0.183379301326772,0.3569037769880137,2.0634126825365073,2.0,1.0,3.0,2.0634126825365073,2.0,1.0,3.0,4.746149229845969,5.0,4.0,7.0,4.746149229845969,5.0,4.0,7.0,35.55951190238048,35.0,16.0,77.0,28.763352670534108,28.0,11.0,59.0,91.26125225045008,92.0,52.0,153.0,56.619523904780955,56.0,25.0,91.0,2.0634126825365073,2.0,1.0,3.0,4.746149229845969,5.0,4.0,7.0,2.126434584219625,2.1204033760451124,1.4909941317819204,3.2184447436204757,2.126434584219625,2.1204033760451124,1.4909941317819204,3.2184447436204757,4.747775386638544,4.707783084777158,3.66758602653544,7.138075539760274,4.747775386638544,4.707783084777158,3.66758602653544,7.138075539760274,0.024999999999999994,0.025,0.025,0.025,19.94758951790358,20.0,19.0,20.0,13.932786557311463,14.0,10.0,18.0
750,fixed_delta_0.05,F_delta_0.05,0.05,4994,0.999399279134962,0.0038045654785742893,0.09731277808819322,0.0965892280389997,0.07198176073966,0.133514623796253,0.09731277808819322,0.0965892280389997,0.07198176073966,0.133514623796253,0.22323282102555755,0.2215641915758007,0.1813215804771092,0.3035825825933549,0.22323282102555755,0.2215641915758007,0.1813215804771092,0.3035825825933549,2.003404084901882,2.0,1.0,3.0,2.003404084901882,2.0,1.0,3.0,4.425710853023628,4.0,4.0,6.0,4.425710853023628,4.0,4.0,6.0,51.549459351221465,51.0,19.0,91.0,42.09731678013616,42.0,19.0,71.0,126.18662394873849,122.0,80.0,199.0,80.69523428113736,80.0,48.0,120.0,2.003404084901882,2.0,1.0,3.0,4.425710853023628,4.0,4.0,6.0,1.9462555617638653,1.931784560779995,1.4396352147932017,2.6702924759250606,1.9462555617638653,1.931784560779995,1.4396352147932017,2.6702924759250606,4.464656420511151,4.431283831516015,3.626431609542185,6.071651651867098,4.464656420511151,4.431283831516015,3.626431609542185,6.071651651867098,0.024999999999999994,0.025,0.025,0.025,19.987585102122548,20.0,19.0,20.0,14.74128954745695,15.0,10.0,18.0
1000,fixed_delta_0.05,F_delta_0.05,0.05,4978,0.9975893933306549,0.0,0.0917145277407749,0.09087727352424775,0.0728047780184469,0.1280843888275608,0.0917145277407749,0.09087727352424775,0.0728047780184469,0.1280843888275608,0.21420294304982535,0.21284010057654706,0.1765759654122549,0.2761679724257811,0.21420294304982535,0.21284010057654706,0.1765759654122549,0.2761679724257811,1.9977902772197669,2.0,1.0,3.0,1.9977902772197669,2.0,1.0,3.0,4.205504218561671,4.0,4.0,6.0,4.205504218561671,4.0,4.0,6.0,68.58437123342708,68.0,23.0,109.0,56.00883889112093,56.0,20.0,84.0,158.53555644837283,153.0,113.0,237.0,103.78666130976296,103.0,69.0,149.0,1.9977902772197669,2.0,1.0,3.0,4.205504218561671,4.0,4.0,6.0,1.834290554815499,1.8175454704849558,1.456095560368939,2.5616877765512163,1.834290554815499,1.8175454704849558,1.456095560368939,2.5616877765512163,4.284058860996508,4.256802011530942,3.5315193082450995,5.523359448515622,4.284058860996508,4.256802011530942,3.5315193082450995,5.523359448515622,0.024999999999999998,0.025,0.025,0.025,19.99537967055042,20.0,19.0,20.0,15.242868621936521,15.0,11.0,18.0
1500,fixed_delta_0.05,F_delta_0.05,0.05,4841,0.9776905598016938,0.0,0.08484167809413451,0.0841042745798428,0.0642320982157243,0.1198806856922618,0.08484167809413451,0.0841042745798428,0.0642320982157243,0.1198806856922618,0.20280786678661558,0.2017678967709177,0.175891954411353,0.2525382905751527,0.20280786678661558,0.2017678967709177,0.175891954411353,0.2525382905751527,1.9776905598016938,2.0,1.0,2.0,1.9776905598016938,2.0,1.0,2.0,4.029745920264408,4.0,4.0,5.0,4.029745920264408,4.0,4.0,5.0,101.70708531295188,103.0,28.0,144.0,83.31088618054122,84.0,27.0,119.0,225.97025407973558,224.0,183.0,338.0,151.17599669489775,151.0,111.0,215.0,1.9776905598016938,2.0,1.0,2.0,4.029745920264408,4.0,4.0,5.0,1.6968335618826909,1.6820854915968564,1.2846419643144869,2.397613713845236,1.6968335618826909,1.6820854915968564,1.2846419643144869,2.397613713845236,4.056157335732312,4.035357935418354,3.5178390882270603,5.050765811503053,4.056157335732312,4.035357935418354,3.5178390882270603,5.050765811503053,0.025,0.025,0.025,0.025,20.0,20.0,20.0,20.0,15.89051848791572,16.0,13.0,19.0
2000,fixed_delta_0.05,F_delta_0.05,0.05,4467,0.9044101186478621,0.0,0.08064414281603267,0.0801469620031146,0.0616348882919723,0.1059668279785327,0.08064414281603267,0.0801469620031146,0.0616348882919723,0.1059668279785327,0.19553115517479933,0.1948259171946679,0.1723584203159419,0.2401612647028306,0.19553115517479933,0.1948259171946679,0.1723584203159419,0.2401612647028306,1.9044101186478621,2.0,1.0,2.0,1.9044101186478621,2.0,1.0,2.0,4.0,4.0,3.0,5.0,4.0,4.0,3.0,5.0,130.5310051488695,136.0,42.0,177.0,107.25072755764495,111.0,38.0,148.0,298.91739422431164,299.0,202.0,412.0,200.62950526080144,201.0,138.0,251.0,1.9044101186478621,2.0,1.0,2.0,4.0,4.0,3.0,5.0,1.612882856320654,1.6029392400622933,1.232697765839446,2.119336559570654,1.612882856320654,1.6029392400622933,1.232697765839446,2.119336559570654,3.9106231034959875,3.896518343893359,3.4471684063188377,4.803225294056613,3.9106231034959875,3.896518343893359,3.4471684063188377,4.803225294056613,0.024999999999999994,0.025,0.025,0.025,20.0,20.0,20.0,20.0,16.292813969106785,16.0,13.0,20.0
3000,fixed_delta_0.05,F_delta_0.05,0.05,3119,0.5415197178582879,0.0,0.07462416380352459,0.0753017282563833,0.0562511306866293,0.0941545237983368,0.07462416380352459,0.0753017282563833,0.0562511306866293,0.0941545237983368,0.18522906681340423,0.1848989406988279,0.1647931769707149,0.2145840604616592,0.18522906681340423,0.1848989406988279,0.1647931769707149,0.2145840604616592,1.541519717858288,2.0,1.0,2.0,1.541519717858288,2.0,1.0,2.0,3.9365181147803785,4.0,3.0,4.0,3.9365181147803785,4.0,3.0,4.0,156.4321898044245,186.0,66.0,248.0,132.10516191086887,151.0,60.0,216.0,440.3007374158384,446.0,273.0,521.0,297.1151009939083,300.0,204.0,361.0,1.541519717858288,2.0,1.0,2.0,3.9365181147803785,4.0,3.0,4.0,1.4924832760704927,1.5060345651276663,1.1250226137325865,1.8830904759667368,1.4924832760704927,1.5060345651276663,1.1250226137325865,1.8830904759667368,3.7045813362680855,3.697978813976559,3.295863539414299,4.291681209233184,3.7045813362680855,3.697978813976559,3.295863539414299,4.291681209233184,0.024999999999999998,0.025,0.025,0.025,20.0,20.0,20.0,20.0,16.77332478358448,17.0,14.0,20.0
4000,fixed_delta_0.05,F_delta_0.05,0.05,2299,0.18442801217920834,0.0,0.06918906345606204,0.0690735301942058,0.0539664889681183,0.0930226633362141,0.06918906345606204,0.0690735301942058,0.0539664889681183,0.0930226633362141,0.17755422905965723,0.1773128636890631,0.1613203549078452,0.1992097142161171,0.17755422905965723,0.1773128636890631,0.1613203549078452,0.1992097142161171,1.1844280121792083,1.0,1.0,2.0,1.1844280121792083,1.0,1.0,2.0,3.6642018268812526,4.0,3.0,4.0,3.6642018268812526,4.0,3.0,4.0,157.50021748586343,135.0,97.0,324.0,137.4928229665072,121.0,83.0,268.0,542.2396694214876,583.0,363.0,668.0,372.74597651152675,387.0,264.0,465.0,1.1844280121792083,1.0,1.0,2.0,3.6642018268812526,4.0,3.0,4.0,1.3837812691212417,1.381470603884117,1.0793297793623675,1.8604532667242824,1.3837812691212417,1.381470603884117,1.0793297793623675,1.8604532667242824,3.551084581193145,3.5462572737812628,3.2264070981569035,3.984194284322343,3.551084581193145,3.5462572737812628,3.2264070981569035,3.984194284322343,0.024999999999999998,0.025,0.025,0.025,20.0,20.0,20.0,20.0,17.111787733797303,17.0,15.0,19.0
5000,fixed_delta_0.05,F_delta_0.05,0.05,1877,0.060735215769845495,0.0,0.06513311426823372,0.0645894229903855,0.0526239328672449,0.087218078908021,0.06513311426823372,0.0645894229903855,0.0526239328672449,0.087218078908021,0.1716292283691826,0.1714427221928558,0.1583876732372799,0.1919034816377757,0.1716292283691826,0.1714427221928558,0.1583876732372799,0.1919034816377757,1.0607352157698455,1.0,1.0,2.0,1.0607352157698455,1.0,1.0,2.0,3.2557272242940862,3.0,3.0,4.0,3.2557272242940862,3.0,3.0,4.0,174.69472562599893,165.0,122.0,380.0,156.13106020245073,149.0,111.0,309.0,591.0420884389983,550.0,466.0,807.0,424.7655833777304,407.0,332.0,563.0,1.0607352157698455,1.0,1.0,2.0,3.2557272242940862,3.0,3.0,4.0,1.3026622853646752,1.2917884598077105,1.0524786573448996,1.7443615781604207,1.3026622853646752,1.2917884598077105,1.0524786573448996,1.7443615781604207,3.432584567383653,3.4288544438571167,3.1677534647456,3.8380696327555146,3.432584567383653,3.4288544438571167,3.1677534647456,3.8380696327555146,0.025,0.025,0.025,0.025,20.0,20.0,20.0,20.0,17.327117741076187,17.0,15.0,20.0
500,fixed_delta_0.055,F_delta_0.055,0.055,4993,0.9995994392149009,0.014820749048668135,0.10916549907508856,0.1080640361035944,0.0793378915092185,0.1648279109398339,0.10916549907508856,0.1080640361035944,0.0793378915092185,0.1648279109398339,0.24536977223203996,0.2433059211679645,0.1974062759174403,0.3454596340188466,0.24536977223203996,0.2433059211679645,0.1974062759174403,0.3454596340188466,2.015822151011416,2.0,1.0,3.0,2.015822151011416,2.0,1.0,3.0,4.414380132185059,4.0,4.0,6.0,4.414380132185059,4.0,4.0,6.0,38.443220508712194,38.0,16.0,79.0,30.74324053675145,31.0,10.0,56.0,93.77408371720409,91.0,58.0,154.0,57.49389144802724,57.0,30.0,86.0,2.015822151011416,2.0,1.0,3.0,4.414380132185059,4.0,4.0,6.0,1.9848272559107019,1.9648006564289904,1.4425071183494274,2.9968711079969803,1.9848272559107019,1.9648006564289904,1.4425071183494274,2.9968711079969803,4.46126858603709,4.423744021235719,3.589205016680733,6.28108425488812,4.46126858603709,4.423744021235719,3.589205016680733,6.28108425488812,0.0275,0.0275,0.0275,0.0275,18.10234328059283,18.0,17.0,19.0,12.8602042860004,13.0,9.0,16.0
500,fixed_delta_0.06,F_delta_0.06,0.06,4966,0.9977849375755135,0.005436971405557793,0.11323098043423253,0.11193590161121894,0.082168033926364,0.1754991076832976,0.11323098043423253,0.11193590161121894,0.082168033926364,0.1754991076832976,0.25528439769536365,0.2526102757928219,0.2135158661862307,0.4025544131071902,0.25528439769536365,0.2526102757928219,0.2135158661862307,0.4025544131071902,2.0034232782923884,2.0,1.0,3.0,2.0034232782923884,2.0,1.0,3.0,4.198751510269835,4.0,4.0,7.0,4.198550140958518,4.0,4.0,7.0,42.05718888441402,42.0,10.0,82.0,33.008860249697946,33.0,13.0,60.0,97.91602899718083,95.0,66.0,185.0,59.150422875553765,59.0,30.0,90.0,2.0034232782923884,2.0,1.0,3.0,4.198550140958518,4.0,4.0,7.0,1.8871830072372098,1.8655983601869834,1.3694672321060677,2.924985128054961,1.8871830072372098,1.8655983601869834,1.3694672321060677,2.924985128054961,4.2547399615893955,4.2101712632137,3.558597769770512,6.709240218453171,4.2547399615893955,4.2101712632137,3.558597769770512,6.709240218453171,0.030000000000000002,0.03,0.03,0.03,16.85138944824809,17.0,16.0,17.0,11.93979057591623,12.0,8.0,15.0
500,fixed_delta_0.065,F_delta_0.065,0.065,4919,0.9890221589754015,0.001829640170766416,0.11794818018628588,0.116606963276733,0.0840844521945922,0.1779288564094773,0.11794818018628588,0.116606963276733,0.0840844521945922,0.1779288564094773,0.2660346048909342,0.2630405028251769,0.2242826230037461,0.4126718493496166,0.2660346048909342,0.2630405028251769,0.2242826230037461,0.4126718493496166,1.9916649725553974,2.0,1.0,3.0,1.9916649725553974,2.0,1.0,3.0,4.085179914616792,4.0,3.0,6.0,4.085179914616792,4.0,3.0,6.0,45.66781866232974,46.0,11.0,90.0,35.20532628583045,35.0,9.0,64.0,104.12766822524904,102.0,72.0,175.0,61.4242732262655,61.0,32.0,92.0,1.9916649725553974,2.0,1.0,3.0,4.085179914616792,4.0,3.0,6.0,1.814587387481322,1.793953281180509,1.2936069568398798,2.737367021684267,1.814587387481322,1.793953281180509,1.2936069568398798,2.737367021684267,4.092840075245142,4.046776966541184,3.450501892365325,6.348797682301794,4.092840075245142,4.046776966541184,3.450501892365325,6.348797682301794,0.032499999999999994,0.0325,0.0325,0.0325,15.524903435657654,16.0,15.0,16.0,11.138442772921325,11.0,8.0,14.0
500,fixed_delta_0.07,F_delta_0.07,0.07,4792,0.9741235392320534,0.0006260434056761269,0.12296546247654366,0.1217060612021181,0.0770444392161709,0.1910889586141176,0.12296546247654366,0.1217060612021181,0.0770444392161709,0.1910889586141176,0.2777307437352508,0.2741304308320809,0.2348718241694296,0.3961934703366375,0.2777307437352508,0.2741304308320809,0.2348718241694296,0.3961934703366375,1.9751669449081803,2.0,1.0,3.0,1.9751669449081803,2.0,1.0,3.0,4.040066777963272,4.0,3.0,6.0,4.040066777963272,4.0,3.0,6.0,49.1373121869783,49.0,11.0,90.0,37.21306343906511,37.0,10.0,58.0,112.17904841402337,111.0,64.0,185.0,64.10872287145241,64.0,35.0,99.0,1.9751669449081803,2.0,1.0,3.0,4.040066777963272,4.0,3.0,6.0,1.7566494639506243,1.738658017173116,1.1006348459452986,2.7298422659159653,1.7566494639506243,1.738658017173116,1.1006348459452986,2.7298422659159653,3.9675820533607253,3.9161490118868696,3.3553117738489937,5.6599067190948205,3.9675820533607253,3.9161490118868696,3.3553117738489937,5.6599067190948205,0.03500000000000001,0.035,0.035,0.035,14.381469115191987,14.0,14.0,15.0,10.454507512520868,10.0,7.0,13.0
500,fixed_delta_0.075,F_delta_0.075,0.075,4523,0.9473800574839708,0.0,0.12772850827977247,0.1267482557453324,0.0860727523645765,0.1855942998932211,0.12772850827977247,0.1267482557453324,0.0860727523645765,0.1855942998932211,0.2886344506343082,0.2856754651315226,0.245201047741151,0.4483105023709592,0.2886344506343082,0.2856754651315226,0.245201047741151,0.4483105023709592,1.9473800574839708,2.0,1.0,2.0,1.9473800574839708,2.0,1.0,2.0,3.9807649789962416,4.0,3.0,6.0,3.9807649789962416,4.0,3.0,6.0,52.286314393101925,53.0,15.0,82.0,38.85363696661508,39.0,10.0,60.0,119.744417422065,120.0,62.0,202.0,66.23988503205837,66.0,36.0,100.0,1.9473800574839708,2.0,1.0,2.0,3.9807649789962416,4.0,3.0,6.0,1.7030467770636335,1.6899767432710997,1.1476366981943538,2.474590665242948,1.7030467770636335,1.6899767432710997,1.1476366981943538,2.474590665242948,3.8484593417907758,3.809006201753635,3.2693473032153477,5.977473364946123,3.8484593417907758,3.809006201753635,3.2693473032153477,5.977473364946123,0.0375,0.0375,0.0375,0.0375,13.5233252266195,14.0,13.0,14.0,9.840592527083794,10.0,7.0,13.0
500,fixed_delta_0.08,F_delta_0.08,0.08,4146,0.8909792571152918,0.0,0.13200595873674925,0.131652455701489,0.0923623407660577,0.1880667267766749,0.13200595873674925,0.131652455701489,0.0923623407660577,0.1880667267766749,0.29866788286553914,0.29656874012069806,0.2549867603336987,0.4325092007344877,0.29866788286553914,0.29656874012069806,0.2549867603336987,0.4325092007344877,1.890979257115292,2.0,1.0,2.0,1.890979257115292,2.0,1.0,2.0,3.8950795947901593,4.0,3.0,5.0,3.8950795947901593,4.0,3.0,5.0,54.51471297636276,57.0,15.0,86.0,39.906415822479495,41.0,10.0,61.0,126.23082489146165,129.0,68.0,189.0,67.92233478051133,68.0,34.0,94.0,1.890979257115292,2.0,1.0,2.0,3.8950795947901593,4.0,3.0,5.0,1.650074484209366,1.6456556962686126,1.1545292595757215,2.350834084708436,1.650074484209366,1.6456556962686126,1.1545292595757215,2.350834084708436,3.7333485358192395,3.7071092515087267,3.187334504171234,5.406365009181096,3.7333485358192395,3.7071092515087267,3.187334504171234,5.406365009181096,0.04,0.04,0.04,0.04,12.85383502170767,13.0,12.0,13.0,9.287023637240713,9.0,6.0,12.0
500,fixed_delta_0.09,F_delta_0.09,0.09,3486,0.7561675272518646,0.0,0.1414490324366916,0.14181826024397703,0.0993719559252377,0.2086112121210752,0.1414490324366916,0.14181826024397703,0.0993719559252377,0.2086112121210752,0.3220766687698962,0.321438125872142,0.2733905962954761,0.4194759165359554,0.3220766687698962,0.321438125872142,0.2733905962954761,0.4194759165359554,1.7561675272518646,2.0,1.0,2.0,1.7561675272518646,2.0,1.0,2.0,3.6649454962707977,4.0,3.0,5.0,3.6649454962707977,4.0,3.0,5.0,57.47389558232932,63.0,18.0,92.0,41.118473895582326,43.0,11.0,69.0,135.2576018359151,143.0,78.0,202.0,70.04561101549054,70.0,38.0,101.0,1.7561675272518646,2.0,1.0,2.0,3.6649454962707977,4.0,3.0,5.0,1.5716559159632404,1.5757584471553008,1.104132843613753,2.317902356900836,1.5716559159632404,1.5757584471553008,1.104132843613753,2.317902356900836,3.5786296529988464,3.5715347319126893,3.037673292171957,4.660843517066172,3.5786296529988464,3.5715347319126893,3.037673292171957,4.660843517066172,0.045,0.045,0.045,0.045,11.113597246127366,11.0,11.0,12.0,8.32845668387837,8.0,6.0,11.0
500,fixed_delta_0.1,F_delta_0.1,0.1,3185,0.6596546310832025,0.0,0.1536527884864051,0.1542430907413522,0.1123445292521105,0.2156026975855373,0.1536527884864051,0.1542430907413522,0.1123445292521105,0.2156026975855373,0.3521572057307586,0.3515720701216329,0.3007686627301664,0.4579143709836973,0.3521572057307586,0.3515720701216329,0.3007686627301664,0.4579143709836973,1.6596546310832025,2.0,1.0,2.0,1.6596546310832025,2.0,1.0,2.0,3.524332810047096,4.0,3.0,5.0,3.524332810047096,4.0,3.0,5.0,60.90832025117739,69.0,18.0,100.0,42.59120879120879,45.0,14.0,73.0,146.65149136577708,154.0,91.0,227.0,72.59591836734694,72.0,43.0,102.0,1.6596546310832025,2.0,1.0,2.0,3.524332810047096,4.0,3.0,5.0,1.5365278848640513,1.5424309074135223,1.1234452925211054,2.156026975855373,1.5365278848640513,1.5424309074135223,1.1234452925211054,2.156026975855373,3.521572057307586,3.5157207012163285,3.007686627301664,4.5791437098369725,3.521572057307586,3.5157207012163285,3.007686627301664,4.5791437098369725,0.05,0.05,0.05,0.05,10.0,10.0,10.0,10.0,7.566718995290424,8.0,5.0,10.0
500,fixed_delta_0.12,F_delta_0.12,0.12,1692,0.028368794326241134,0.0,0.15181449603267871,0.15060057317960346,0.1208126699624128,0.2304185019388087,0.15181449603267871,0.15060057317960346,0.1208126699624128,0.2304185019388087,0.3452206420572119,0.3437342402577065,0.3001947521038446,0.4274180384422682,0.3452206420572119,0.3437342402577065,0.3001947521038446,0.4274180384422682,1.0283687943262412,1.0,1.0,2.0,1.0283687943262412,1.0,1.0,2.0,3.0011820330969265,3.0,3.0,4.0,3.0011820330969265,3.0,3.0,4.0,42.6968085106383,41.0,20.0,115.0,33.970449172576835,33.0,16.0,68.0,149.28782505910166,149.0,121.0,235.0,74.44976359338061,74.0,51.0,100.0,1.0283687943262412,1.0,1.0,2.0,3.0011820330969265,3.0,3.0,4.0,1.2651208002723233,1.2550047764966954,1.0067722496867737,1.9201541828234063,1.2651208002723233,1.2550047764966954,1.0067722496867737,1.9201541828234063,2.8768386838101,2.864452002147554,2.5016229341987053,3.561816987018902,2.8768386838101,2.864452002147554,2.5016229341987053,3.561816987018902,0.060000000000000026,0.06,0.06,0.06,8.846335697399526,9.0,8.0,9.0,6.578605200945627,7.0,5.0,8.0
5000,shrinking_delta,S_shrink_delta_0.0158,0.0158113883008419,5000,1.0,1.0,0.0617613223915152,0.0617129162675097,0.0466987556614247,0.0766227092318351,0.0617613223915152,0.0617129162675097,0.0466987556614247,0.0766227092318351,0.1573679077730228,0.1568488697340961,0.1337473689819688,0.1905778388911814,0.1573679077730228,0.1568488697340961,0.1337473689819688,0.1905778388911814,3.9606,4.0,3.0,5.0,3.9606,4.0,3.0,5.0,9.9556,10.0,8.0,12.0,9.9556,10.0,8.0,12.0,207.8414,209.0,119.0,306.0,183.0766,184.0,111.0,264.0,568.2922,569.0,384.0,762.0,414.6558,414.0,325.0,513.0,3.9606,4.0,3.0,5.0,9.9556,10.0,8.0,12.0,3.9061290012229146,3.903067529131758,2.953488635715701,4.846045633308193,3.9061290012229146,3.903067529131758,2.953488635715701,4.846045633308193,9.95282038356136,9.919993535655848,8.458926340759545,12.053200848975028,9.95282038356136,9.919993535655848,8.458926340759545,12.053200848975028,0.007905694150000002,0.00790569415,0.00790569415,0.00790569415,63.1724,63.0,62.0,64.0,50.4704,50.0,45.0,57.0
4000,shrinking_delta,S_shrink_delta_0.0177,0.0176776695296636,5000,1.0,1.0,0.06491462110014486,0.06473549143052425,0.0505371419515458,0.0815685165988094,0.06491462110014486,0.06473549143052425,0.0505371419515458,0.0815685165988094,0.16307252212514722,0.16252863278494295,0.1343168754250916,0.2003115615573061,0.16307252212514722,0.16252863278494295,0.1343168754250916,0.2003115615573061,3.7482,4.0,3.0,5.0,3.7482,4.0,3.0,5.0,9.2274,9.0,8.0,11.0,9.2274,9.0,8.0,11.0,176.5434,183.0,101.0,254.0,154.0196,159.0,89.0,211.0,473.259,468.0,350.0,619.0,341.3054,340.0,254.0,432.0,3.7482,4.0,3.0,5.0,9.2274,9.0,8.0,11.0,3.672125502245424,3.6619923979173903,2.858812462058015,4.614212097467646,3.672125502245424,3.6619923979173903,2.858812462058015,4.614212097467646,9.224774897590791,9.194007870336907,7.598109875269682,11.331333082179016,9.224774897590791,9.194007870336907,7.598109875269682,11.331333082179016,0.008838834765,0.008838834765,0.008838834765,0.008838834765,56.6412,57.0,55.0,57.0,44.6858,45.0,40.0,50.0
3000,shrinking_delta,S_shrink_delta_0.0204,0.0204124145231931,5000,1.0,1.0,0.06921750119171612,0.0690659996694517,0.0537304642086919,0.0903377208441231,0.06921750119171612,0.0690659996694517,0.0537304642086919,0.0903377208441231,0.1708809360538798,0.17037010487313148,0.1332152261663112,0.2127758851957603,0.1708809360538798,0.17037010487313148,0.1332152261663112,0.2127758851957603,3.3204,3.0,3.0,4.0,3.3204,3.0,3.0,4.0,8.3652,8.0,7.0,10.0,8.3652,8.0,7.0,10.0,135.697,129.0,87.0,202.0,117.929,114.0,70.0,185.0,373.9348,369.0,256.0,499.0,265.658,264.0,200.0,355.0,3.3204,3.0,3.0,4.0,8.3652,8.0,7.0,10.0,3.3909511838038218,3.383529155307769,2.632244419083392,4.425626411881795,3.3909511838038218,3.383529155307769,2.632244419083392,4.425626411881795,8.371422002023337,8.3463964872726,6.526186601538412,10.42384696597252,8.371422002023337,8.3463964872726,6.526186601538412,10.42384696597252,0.010206207262000002,0.010206207262,0.010206207262,0.010206207262,48.952,49.0,48.0,49.0,38.1618,38.0,33.0,43.0
2000,shrinking_delta,S_shrink_delta_0.0250,0.025,5000,1.0,0.987,0.07590836139272772,0.07579781165866381,0.0559447501170025,0.1052078310949879,0.07590836139272772,0.07579781165866381,0.0559447501170025,0.1052078310949879,0.1824657528934958,0.18187196963100805,0.1423634585344849,0.2259626161488696,0.1824657528934958,0.18187196963100805,0.1423634585344849,0.2259626161488696,3.0152,3.0,2.0,4.0,3.0152,3.0,2.0,4.0,7.299,7.0,6.0,9.0,7.299,7.0,6.0,9.0,101.2384,101.0,51.0,166.0,86.8816,87.0,35.0,137.0,269.0336,265.0,170.0,377.0,186.5424,186.0,131.0,266.0,3.0152,3.0,2.0,4.0,7.299,7.0,6.0,9.0,3.0363344557091105,3.0319124663465518,2.2377900046801025,4.208313243799517,3.0363344557091105,3.0319124663465518,2.2377900046801025,4.208313243799517,7.298630115739832,7.2748787852403245,5.694538341379398,9.038504645954786,7.298630115739832,7.2748787852403245,5.694538341379398,9.038504645954786,0.012499999999999999,0.0125,0.0125,0.0125,39.9556,40.0,39.0,40.0,30.5138,31.0,26.0,35.0
1500,shrinking_delta,S_shrink_delta_0.0289,0.0288675134594812,5000,1.0,0.8916,0.08085985651379153,0.08065298164055545,0.0580479386334705,0.1085455932715241,0.08085985651379153,0.08065298164055545,0.0580479386334705,0.1085455932715241,0.19071115459002894,0.19025092985393094,0.1495235577493148,0.2418641453725397,0.19071115459002894,0.19025092985393094,0.1495235577493148,0.2418641453725397,2.8948,3.0,2.0,4.0,2.8948,3.0,2.0,4.0,6.6026,7.0,5.0,8.0,6.6026,7.0,5.0,8.0,84.8626,87.0,36.0,140.0,71.44,73.0,29.0,122.0,212.1024,214.0,118.0,302.0,144.6064,144.0,97.0,209.0,2.8948,3.0,2.0,4.0,6.6026,7.0,5.0,8.0,2.801067595492325,2.7939012396672407,2.010839579756227,3.7601296496797256,2.801067595492325,2.7939012396672407,2.010839579756227,3.7601296496797256,6.606428186401054,6.590485533884619,5.179647979005449,8.378419766289275,6.606428186401054,6.590485533884619,5.179647979005449,8.378419766289275,0.014433756729999999,0.01443375673,0.01443375673,0.01443375673,34.721,35.0,34.0,35.0,25.9826,26.0,21.0,31.0
1000,shrinking_delta,S_shrink_delta_0.0354,0.0353553390593273,5000,1.0,0.4964,0.08854762795633377,0.0883131623506852,0.0614355112503321,0.123396595693677,0.08854762795633377,0.0883131623506852,0.0614355112503321,0.123396595693677,0.2033729820561504,0.2032058441131944,0.1461785328078079,0.2584267389391668,0.2033729820561504,0.2032058441131944,0.1461785328078079,0.2584267389391668,2.4964,2.0,2.0,3.0,2.4964,2.0,2.0,3.0,5.7476,6.0,4.0,7.0,5.7476,6.0,4.0,7.0,60.0556,59.0,25.0,108.0,49.7232,49.0,22.0,89.0,152.4134,154.0,92.0,236.0,101.107,101.0,62.0,142.0,2.4964,2.0,2.0,3.0,5.7476,6.0,4.0,7.0,2.5045051274362855,2.4978734386479204,1.7376586644308911,3.4901827836133488,2.5045051274362855,2.4978734386479204,1.7376586644308911,3.4901827836133488,5.75225658888136,5.747529213967049,4.134553272492047,7.309411981752417,5.75225658888136,5.747529213967049,4.134553272492047,7.309411981752417,0.01767766953,0.01767766953,0.01767766953,0.01767766953,28.2052,28.0,27.0,29.0,20.6728,21.0,15.0,25.0
750,shrinking_delta,S_shrink_delta_0.0408,0.0408248290463863,5000,1.0,0.2228,0.094643676199935,0.09437805575563295,0.0631560549201277,0.1352755173248296,0.094643676199935,0.09437805575563295,0.0631560549201277,0.1352755173248296,0.21385260164818481,0.21340484245164826,0.1508207193821283,0.2808479796307763,0.21385260164818481,0.21340484245164826,0.1508207193821283,0.2808479796307763,2.223,2.0,2.0,3.0,2.223,2.0,2.0,3.0,5.2494,5.0,4.0,7.0,5.2492,5.0,4.0,7.0,46.416,43.0,22.0,89.0,38.2314,37.0,16.0,75.0,121.546,119.0,65.0,190.0,78.865,79.0,48.0,117.0,2.223,2.0,2.0,3.0,5.2492,5.0,4.0,7.0,2.318287140710333,2.311780795172419,1.5470010872150404,3.3135599213685825,2.318287140710333,2.311780795172419,1.5470010872150404,3.3135599213685825,5.238297542047258,5.227329726455725,3.6943380512570343,6.879342453869655,5.238297542047258,5.227329726455725,3.6943380512570343,6.879342453869655,0.020412414522999998,0.020412414523,0.020412414523,0.020412414523,24.513,25.0,23.0,25.0,17.5808,18.0,13.0,22.0
500,shrinking_delta,S_shrink_delta_0.0500,0.05,4999,0.9997999599919984,0.0632126425285057,0.10632172921098122,0.1060201688022556,0.074549706589096,0.1609222371810237,0.10632172921098122,0.1060201688022556,0.074549706589096,0.1609222371810237,0.2373887693319272,0.2353891542388579,0.183379301326772,0.3569037769880137,0.2373887693319272,0.2353891542388579,0.183379301326772,0.3569037769880137,2.0634126825365073,2.0,1.0,3.0,2.0634126825365073,2.0,1.0,3.0,4.746149229845969,5.0,4.0,7.0,4.746149229845969,5.0,4.0,7.0,35.55951190238048,35.0,16.0,77.0,28.763352670534108,28.0,11.0,59.0,91.26125225045008,92.0,52.0,153.0,56.619523904780955,56.0,25.0,91.0,2.0634126825365073,2.0,1.0,3.0,4.746149229845969,5.0,4.0,7.0,2.126434584219625,2.1204033760451124,1.4909941317819204,3.2184447436204757,2.126434584219625,2.1204033760451124,1.4909941317819204,3.2184447436204757,4.747775386638544,4.707783084777158,3.66758602653544,7.138075539760274,4.747775386638544,4.707783084777158,3.66758602653544,7.138075539760274,0.024999999999999994,0.025,0.025,0.025,19.94758951790358,20.0,19.0,20.0,13.932786557311463,14.0,10.0,18.0
